{
 "analysis":{
   "authors":"Sergei L Kosakovsky Pond",
   "contact":"spond@temple.edu",
   "info":"Fit an MG94xREV model with several selectable options frequency estimator and \nreport the fit results including dN/dS ratios, and synonymous and non-synonymous branch lengths. v0.2 adds LRT test for dN/dS != 1. \nv0.3 adds LRT test support for dN/dS != 1 for local models. v0.4 adds the lineage option",
   "requirements":"in-frame codon alignment and a phylogenetic tree",
   "version":"0.4"
  },
 "branch attributes":{
   "0":{
     "GorGor_chrX_RBMX_148580455_nonP_closest_Q18_2B_at_983454_nonC_":{
       "Confidence Intervals":{
         "LB":0.02615535390663494,
         "MLE":0.04591913295118983,
         "UB":0.07444271524654993
        },
       "Nucleotide GTR":0.2358695647879783,
       "Standard MG94":0.4160219389392751,
       "dN":0.07973101199484671,
       "dS":1.570736955104703,
       "nonsynonymous":0.06174797439940982,
       "original name":"GorGor_chrX_RBMX_148580455_nonP-closest-Q18.2B-at-983454_nonC_-",
       "synonymous":0.3542739645398656
      },
     "GorGor_chrY_LOC129530238_19671638_nonP_closest_Q10B_at_60465_nonC_":{
       "Confidence Intervals":{
         "LB":0,
         "MLE":0,
         "UB":10000
        },
       "Nucleotide GTR":1e-06,
       "Standard MG94":0,
       "dN":1.291232834280775e-10,
       "dS":4.433678769324161e-10,
       "nonsynonymous":1e-10,
       "original name":"GorGor_chrY_LOC129530238_19671638_nonP-closest-Q10B-at-60465_nonC_-",
       "synonymous":1e-10
      },
     "GorGor_chrY_LOC129530243_19602754_Q10B_nonC_":{
       "Confidence Intervals":{
         "LB":0,
         "MLE":0,
         "UB":10000
        },
       "Nucleotide GTR":1e-06,
       "Standard MG94":0,
       "dN":1.291232834280775e-10,
       "dS":4.433678769324161e-10,
       "nonsynonymous":1e-10,
       "original name":"GorGor_chrY_LOC129530243_19602754_Q10B_nonC_-",
       "synonymous":1e-10
      },
     "GorGor_chrY_LOC129530249_25725362_nonP_closest_Q13A_at_289492_nonC_":{
       "Confidence Intervals":{
         "LB":0,
         "MLE":0,
         "UB":0.4642399968928282
        },
       "Nucleotide GTR":0.003945279179256568,
       "Standard MG94":0.004200856378948625,
       "dN":1.291232834280775e-10,
       "dS":0.01862524774032449,
       "nonsynonymous":1e-10,
       "original name":"GorGor_chrY_LOC129530249_25725362_nonP-closest-Q13A-at-289492_nonC_-",
       "synonymous":0.004200856378948625
      },
     "GorGor_chrY_LOC129530256_15477440_nonP_closest_Q2A_at_428101_nonC_t":{
       "Confidence Intervals":{
         "LB":0,
         "MLE":10000,
         "UB":10000
        },
       "Nucleotide GTR":0.007943528354694574,
       "Standard MG94":0.007810061128575998,
       "dN":0.0100846073669573,
       "dS":4.433678769324161e-10,
       "nonsynonymous":0.007810061128575998,
       "original name":"GorGor_chrY_LOC129530256_15477440_nonP-closest-Q2A-at-428101_nonC_t",
       "synonymous":1e-10
      },
     "GorGor_chrY_LOC129530259_15918165_Q2A_nonC_":{
       "Confidence Intervals":{
         "LB":0.01356075913124133,
         "MLE":0.2378922116507108,
         "UB":1.052910881088004
        },
       "Nucleotide GTR":0.007920755140088307,
       "Standard MG94":0.008136004480136764,
       "dN":0.004984887787013943,
       "dS":0.0189559269689756,
       "nonsynonymous":0.003860564612880648,
       "original name":"GorGor_chrY_LOC129530259_15918165_Q2A_nonC_-",
       "synonymous":0.004275439867256126
      },
     "GorGor_chrY_LOC129530261_16137383_nonP_closest_Q2A_at_9455_nonC_":{
       "Confidence Intervals":{
         "LB":0,
         "MLE":0,
         "UB":0.4584857955437965
        },
       "Nucleotide GTR":0.00394988505900563,
       "Standard MG94":0.004272556558515698,
       "dN":1.291232834280775e-10,
       "dS":0.01894314330422776,
       "nonsynonymous":1e-10,
       "original name":"GorGor_chrY_LOC129530261_16137383_nonP-closest-Q2A-at-9455_nonC_-",
       "synonymous":0.004272556558515698
      },
     "GorGor_chrY_LOC129530264_16264504_Q2B_nonC_t":{
       "Confidence Intervals":{
         "LB":0.3399162727657128,
         "MLE":0.7954966969947168,
         "UB":1.555599110533865
        },
       "Nucleotide GTR":0.03639976169173784,
       "Standard MG94":0.03659338562186887,
       "dN":0.03549510367548137,
       "dS":0.04036453302391167,
       "nonsynonymous":0.02748931310692108,
       "original name":"GorGor_chrY_LOC129530264_16264504_Q2B_nonC_t",
       "synonymous":0.009104072514947796
      },
     "GorGor_chrY_LOC129530266_16415999_Q2B_nonC_t":{
       "Confidence Intervals":{
         "LB":0.08416405115049853,
         "MLE":0.5071429337504779,
         "UB":1.576879312247409
        },
       "Nucleotide GTR":0.01192467752989654,
       "Standard MG94":0.01185465082154441,
       "dN":0.01007382916834172,
       "dS":0.01796942032409926,
       "nonsynonymous":0.007801713913163388,
       "original name":"GorGor_chrY_LOC129530266_16415999_Q2B_nonC_t",
       "synonymous":0.004052936908381027
      },
     "GorGor_chrY_LOC129530267_16438966_nonP_closest_Q2B_at_11653_nonC_t":{
       "Confidence Intervals":{
         "LB":0,
         "MLE":10000,
         "UB":10000
        },
       "Nucleotide GTR":0.007943863316712273,
       "Standard MG94":0.007918819992525319,
       "dN":0.01022504038310774,
       "dS":4.433678769324161e-10,
       "nonsynonymous":0.007918819992525319,
       "original name":"GorGor_chrY_LOC129530267_16438966_nonP-closest-Q2B-at-11653_nonC_t",
       "synonymous":1e-10
      },
     "HomSap_chrY_RBMY1A1_22410130_Q7_3A_nonC_t":{
       "Confidence Intervals":{
         "LB":0,
         "MLE":0,
         "UB":10000
        },
       "Nucleotide GTR":1e-06,
       "Standard MG94":0,
       "dN":1.291232834280775e-10,
       "dS":4.433678769324161e-10,
       "nonsynonymous":1e-10,
       "original name":"HomSap_chrY_RBMY1A1_22410130_Q7.3A_nonC_t",
       "synonymous":1e-10
      },
     "HomSap_chrY_RBMY1F_23239128_Q7_7B_nonC_t":{
       "Confidence Intervals":{
         "LB":0.0139385678605779,
         "MLE":0.2444369903038595,
         "UB":1.082142454703643
        },
       "Nucleotide GTR":0.007933999796854408,
       "Standard MG94":0.008036830858914819,
       "dN":0.004994396356181398,
       "dS":0.01848357361800993,
       "nonsynonymous":0.00386792855911483,
       "original name":"HomSap_chrY_RBMY1F_23239128_Q7.7B_nonC_t",
       "synonymous":0.0041689022998
      },
     "Node1":{
       "Confidence Intervals":{
         "LB":0,
         "MLE":10000,
         "UB":10000
        },
       "Nucleotide GTR":0.003938703039265455,
       "Standard MG94":0.003872917889269416,
       "dN":0.005000838743098065,
       "dS":4.433678769324161e-10,
       "nonsynonymous":0.003872917889269416,
       "synonymous":1e-10
      },
     "Node11":{
       "Confidence Intervals":{
         "LB":0,
         "MLE":10000,
         "UB":10000
        },
       "Nucleotide GTR":0.003956227655234962,
       "Standard MG94":0.003902205697413714,
       "dN":0.0050386561226181,
       "dS":4.433678769324161e-10,
       "nonsynonymous":0.003902205697413714,
       "synonymous":1e-10
      },
     "Node14":{
       "Confidence Intervals":{
         "LB":0,
         "MLE":10000,
         "UB":10000
        },
       "Nucleotide GTR":0.003946742621718916,
       "Standard MG94":0.003857739313320964,
       "dN":0.0049812396674558,
       "dS":4.433678769324161e-10,
       "nonsynonymous":0.003857739313320964,
       "synonymous":1e-10
      },
     "Node18":{
       "Confidence Intervals":{
         "LB":0,
         "MLE":0,
         "UB":0.2673884522616203
        },
       "Nucleotide GTR":0.0088787715935133,
       "Standard MG94":0.008581029776206919,
       "dN":1.291232834280775e-10,
       "dS":0.03804552953770707,
       "nonsynonymous":1e-10,
       "synonymous":0.008581029776206919
      },
     "Node26":{
       "Confidence Intervals":{
         "LB":0,