{
 "analysis":{
   "authors":"Sergei L Kosakovsky Pond",
   "contact":"spond@temple.edu",
   "info":"Fit an MG94xREV model with several selectable options frequency estimator and \nreport the fit results including dN/dS ratios, and synonymous and non-synonymous branch lengths. v0.2 adds LRT test for dN/dS != 1. \nv0.3 adds LRT test support for dN/dS != 1 for local models. v0.4 adds the lineage option",
   "requirements":"in-frame codon alignment and a phylogenetic tree",
   "version":"0.4"
  },
 "branch attributes":{
   "0":{
     "GorGor_chrY_LOC129530208__129530208__LOC129530208_CDS":{
       "Nucleotide GTR":0.009042969277830323,
       "Standard MG94":0.009111419927074189,
       "dN":0.006840494177320159,
       "dS":0.01645320555011446,
       "nonsynonymous":0.005224482443910213,
       "original name":"GorGor_chrY_LOC129530208_-_129530208_-_LOC129530208_CDS",
       "synonymous":0.003886937483163971
      },
     "GorGor_chrY_LOC129530236__129530236__LOC129530236_CDS__reversed_":{
       "Nucleotide GTR":0.002999857428227953,
       "Standard MG94":0.003029616917884531,
       "dN":0.002274516711135122,
       "dS":0.005470816874540106,
       "nonsynonymous":0.001737180431364859,
       "original name":"GorGor_chrY_LOC129530236_-_129530236_-_LOC129530236_CDS__reversed_",
       "synonymous":0.001292436486519672
      },
     "GorGor_chrY_LOC129530237__129530237__LOC129530237_CDS":{
       "Nucleotide GTR":0.003004086149771996,
       "Standard MG94":0.003028101182794497,
       "dN":0.002273378757101531,
       "dS":0.005468079792812398,
       "nonsynonymous":0.001736311309819491,
       "original name":"GorGor_chrY_LOC129530237_-_129530237_-_LOC129530237_CDS",
       "synonymous":0.001291789872975004
      },
     "GorGor_chrY_LOC129530294__129530294__LOC129530294_CDS":{
       "Nucleotide GTR":1e-06,
       "Standard MG94":0,
       "dN":1.309315181122603e-10,
       "dS":4.232948335644837e-10,
       "nonsynonymous":1e-10,
       "original name":"GorGor_chrY_LOC129530294_-_129530294_-_LOC129530294_CDS",
       "synonymous":1e-10
      },
     "GorGor_chrY_LOC129530295__129530295__LOC129530295_CDS__reversed_":{
       "Nucleotide GTR":1e-06,
       "Standard MG94":0,
       "dN":1.309315181122603e-10,
       "dS":4.232948335644837e-10,
       "nonsynonymous":1e-10,
       "original name":"GorGor_chrY_LOC129530295_-_129530295_-_LOC129530295_CDS__reversed_",
       "synonymous":1e-10
      },
     "HomSap_chrY_HSFY1__86614__HSFY1_CDS":{
       "Nucleotide GTR":1e-06,
       "Standard MG94":0,
       "dN":1.309315181122603e-10,
       "dS":4.232948335644837e-10,
       "nonsynonymous":1e-10,
       "original name":"HomSap_chrY_HSFY1_-_86614_-_HSFY1_CDS",
       "synonymous":1e-10
      },
     "HomSap_chrY_HSFY2__159119__HSFY2_CDS__reversed_":{
       "Nucleotide GTR":1e-06,
       "Standard MG94":0,
       "dN":1.309315181122603e-10,
       "dS":4.232948335644837e-10,
       "nonsynonymous":1e-10,
       "original name":"HomSap_chrY_HSFY2_-_159119_-_HSFY2_CDS__reversed_",
       "synonymous":1e-10
      },
     "Node1":{
       "Nucleotide GTR":0.02641873643651351,
       "Standard MG94":0.02686358379706166,
       "dN":0.02016811759490055,
       "dS":0.04850968011170455,
       "nonsynonymous":0.01540356201904607,
       "synonymous":0.01146002177801556
      },
     "Node12":{
       "Nucleotide GTR":0.001497294485019071,
       "Standard MG94":0.001508834271841385,
       "dN":0.001132773171874474,
       "dS":0.002724620379080183,
       "nonsynonymous":0.0008651646205638869,
       "synonymous":0.0006436696512774992
      },
     "Node15":{
       "Nucleotide GTR":0.01407511644915839,
       "Standard MG94":0.01433985870065929,
       "dN":0.01076579948356662,
       "dS":0.02589460749805517,
       "nonsynonymous":0.008222465941574175,
       "synonymous":0.006117392759085128
      },
     "Node18":{
       "Nucleotide GTR":0.0008275338614030157,
       "Standard MG94":0.0008389467300017219,
       "dN":0.0006298480662279595,
       "dS":0.001514951907034668,
       "nonsynonymous":0.0004810515262550685,
       "synonymous":0.0003578952037466537
      },
     "Node2":{
       "Nucleotide GTR":0.01232582500575401,
       "Standard MG94":0.01259158028887826,
       "dN":0.009453261109543608,
       "dS":0.02273760405643051,
       "nonsynonymous":0.007220004202073339,
       "synonymous":0.005371576086804925
      },
     "Node25":{
       "Nucleotide GTR":0.0008275651007701861,
       "Standard MG94":0.0008392547258894509,
       "dN":0.0006300792973745336,
       "dS":0.001515508079364554,
       "nonsynonymous":0.0004812281309029851,
       "synonymous":0.0003580265949864671
      },
     "Node3":{
       "Nucleotide GTR":0.009538273671327356,
       "Standard MG94":0.009649159801501198,
       "dN":0.007244208034147303,
       "dS":0.01742424461507405,
       "nonsynonymous":0.005532822149007805,
       "synonymous":0.004116337652493384
      },
     "Node6":{
       "Nucleotide GTR":0.009053499107404162,
       "Standard MG94":0.009197142057122456,
       "dN":0.006904850966509539,
       "dS":0.01660800072333294,
       "nonsynonymous":0.00527363545925538,
       "synonymous":0.003923506597867067
      },
     "Node8":{
       "Nucleotide GTR":0.001497681908117809,
       "Standard MG94":0.001513179190335292,
       "dN":0.001136035165054064,
       "dS":0.002732466339166638,
       "nonsynonymous":0.0008676559940900029,
       "synonymous":0.0006455231962452906
      },
     "PonAbe_chrY_LOC129053171__129053171__LOC129053171_CDS__reversed_":{
       "Nucleotide GTR":1e-06,
       "Standard MG94":0,
       "dN":1.309315181122603e-10,
       "dS":4.232948335644837e-10,
       "nonsynonymous":1e-10,
       "original name":"PonAbe_chrY_LOC129053171_-_129053171_-_LOC129053171_CDS__reversed_",
       "synonymous":1e-10
      },
     "PonAbe_chrY_LOC129053184__129053184__LOC129053184_CDS__reversed_":{
       "Nucleotide GTR":1e-06,
       "Standard MG94":0,
       "dN":1.309315181122603e-10,
       "dS":4.232948335644837e-10,
       "nonsynonymous":1e-10,
       "original name":"PonAbe_chrY_LOC129053184_-_129053184_-_LOC129053184_CDS__reversed_",
       "synonymous":1e-10
      },
     "PonAbe_chrY_LOC129053190__129053190__LOC129053190_CDS__reversed_":{
       "Nucleotide GTR":1e-06,
       "Standard MG94":0,
       "dN":1.309315181122603e-10,
       "dS":4.232948335644837e-10,
       "nonsynonymous":1e-10,
       "original name":"PonAbe_chrY_LOC129053190_-_129053190_-_LOC129053190_CDS__reversed_",
       "synonymous":1e-10
      },
     "PonAbe_chrY_LOC129053362__129053362__LOC129053362_CDS":{
       "Nucleotide GTR":1e-06,
       "Standard MG94":0,
       "dN":1.309315181122603e-10,
       "dS":4.232948335644837e-10,
       "nonsynonymous":1e-10,
       "original name":"PonAbe_chrY_LOC129053362_-_129053362_-_LOC129053362_CDS",
       "synonymous":1e-10
      },
     "PonAbe_chrY_LOC129053487__129053487__LOC129053487_CDS__reversed_":{
       "Nucleotide GTR":0.0008276811014385062,
       "Standard MG94":0.0008390947474341982,
       "dN":0.0006299591918695281,
       "dS":0.001515219193721157,
       "nonsynonymous":0.0004811363993575657,
       "original name":"PonAbe_chrY_LOC129053487_-_129053487_-_LOC129053487_CDS__reversed_",
       "synonymous":0.0003579583480766326
      },
     "PonPyg_chrY_LOC129025837__129025837__LOC129025837_CDS__reversed_":{
       "Nucleotide GTR":0.0008279442237845781,
       "Standard MG94":0.0008384069611333777,
       "dN":0.0006294428290826442,
       "dS":0.001513977204056261,
       "nonsynonymous":0.0004807420231261367,
       "original name":"PonPyg_chrY_LOC129025837_-_129025837_-_LOC129025837_CDS__reversed_",
       "synonymous":0.0003576649380072401
      },
     "PonPyg_chrY_LOC129025904__129025904__LOC129025904_CDS":{
       "Nucleotide GTR":0.001655235298780083,
       "Standard MG94":0.001674811063923681,
       "dN":0.001257381991234839,
       "dS":0.003024337689722841,