{
 "analysis":{
   "authors":"Sergei L Kosakovsky Pond",
   "contact":"spond@temple.edu",
   "info":"Fit an MG94xREV model with several selectable options frequency estimator and \nreport the fit results including dN/dS ratios, and synonymous and non-synonymous branch lengths. v0.2 adds LRT test for dN/dS != 1. \nv0.3 adds LRT test support for dN/dS != 1 for local models. v0.4 adds the lineage option",
   "requirements":"in-frame codon alignment and a phylogenetic tree",
   "version":"0.4"
  },
 "branch attributes":{
   "0":{
     "GorGor_chr5_CDYL_22394017_NA_nonC_t":{
       "Nucleotide GTR":0.01280039932791187,
       "Standard MG94":0.0128316445391671,
       "dN":0.00784137281425379,
       "dS":0.03439754632173425,
       "nonsynonymous":0.00636787057838189,
       "original name":"GorGor_chr5_CDYL_22394017_NA_nonC_t",
       "synonymous":0.006463773960785207
      },
     "GorGor_chrY_LOC129530301_exPG_16914474_nonP_closest_Q4_A_at_199039_nonC_t":{
       "Nucleotide GTR":0.006569149740848928,
       "Standard MG94":0.006584044026544052,
       "dN":0.004023486130714135,
       "dS":0.01764972203649334,
       "nonsynonymous":0.003267417525121245,
       "original name":"GorGor_chrY_LOC129530301-exPG_16914474_nonP-closest-Q4.A-at-199039_nonC_t",
       "synonymous":0.00331662650142281
      },
     "HomSap_chr6_CDYL_4575080_NA_nonC_t":{
       "Nucleotide GTR":1e-06,
       "Standard MG94":0,
       "dN":1.231396385610325e-10,
       "dS":5.321588677206111e-10,
       "nonsynonymous":1e-10,
       "original name":"HomSap_chr6_CDYL_4575080_NA_nonC_t",
       "synonymous":1e-10
      },
     "HomSap_chrY_CDY1_26434508_nonP_closest_Q12B_at_66643_nonC_t":{
       "Nucleotide GTR":1e-06,
       "Standard MG94":0,
       "dN":1.231396385610325e-10,
       "dS":5.321588677206111e-10,
       "nonsynonymous":1e-10,
       "original name":"HomSap_chrY_CDY1_26434508_nonP-closest-Q12B-at-66643_nonC_t",
       "synonymous":1e-10
      },
     "Node1":{
       "Nucleotide GTR":0.209111150158438,
       "Standard MG94":0.2257288827239851,
       "dN":0.1379421257330616,
       "dS":0.6051071377446049,
       "nonsynonymous":0.1120208954200336,
       "synonymous":0.1137079873039516
      },
     "Node11":{
       "Nucleotide GTR":0.02334477173096107,
       "Standard MG94":0.02476806988008163,
       "dN":0.01513568032736484,
       "dS":0.06639529550554076,
       "nonsynonymous":0.01229147698030886,
       "synonymous":0.01247659289977274
      },
     "Node13":{
       "Nucleotide GTR":0.02017039904456108,
       "Standard MG94":0.02059179850541561,
       "dN":0.01258357558955873,
       "dS":0.05520004398312514,
       "nonsynonymous":0.01021894796558287,
       "synonymous":0.01037285053983273
      },
     "Node14":{
       "Nucleotide GTR":0.006667354277353056,
       "Standard MG94":0.006885291003145447,
       "dN":0.004207577097814109,
       "dS":0.01845726909722272,
       "nonsynonymous":0.003416915257330953,
       "synonymous":0.003468375745814496
      },
     "Node15":{
       "Nucleotide GTR":0.006623274646419152,
       "Standard MG94":0.006827771689510691,
       "dN":0.004172427247703052,
       "dS":0.0183030781633088,
       "nonsynonymous":0.003388370549451503,
       "synonymous":0.003439401140059197
      },
     "Node2":{
       "Nucleotide GTR":0.00444698246903405,
       "Standard MG94":0.004110314762293906,
       "dN":0.002511798884133479,
       "dS":0.01101844288168613,
       "nonsynonymous":0.002039797187555118,
       "synonymous":0.002070517574738777
      },
     "Node21":{
       "Nucleotide GTR":0.006679690102909699,
       "Standard MG94":0.00689980883197401,
       "dN":0.004216448891912737,
       "dS":0.01849618676581131,
       "nonsynonymous":0.003424119918804952,
       "synonymous":0.003475688913169066
      },
     "Node24":{
       "Nucleotide GTR":0.007197030099729772,
       "Standard MG94":0.007189979287379469,
       "dN":0.004393771035895974,
       "dS":0.0192740412061008,
       "nonsynonymous":0.003568120783234442,
       "synonymous":0.003621858504145021
      },
     "Node27":{
       "Nucleotide GTR":0.01121823636060884,
       "Standard MG94":0.01184284086495316,
       "dN":0.007237118369241033,
       "dS":0.03174687905277618,
       "nonsynonymous":0.005877163887933659,
       "synonymous":0.005965676977019507
      },
     "Node28":{
       "Nucleotide GTR":0.00454129170743162,
       "Standard MG94":0.004031665529837227,
       "dN":0.002463736615001475,
       "dS":0.01080760937485547,
       "nonsynonymous":0.002000766482500562,
       "synonymous":0.002030899047336664
      },
     "Node29":{
       "Nucleotide GTR":0.006398680193554318,
       "Standard MG94":0.006423800774838936,
       "dN":0.003925562043606463,
       "dS":0.01722016098869095,
       "nonsynonymous":0.003187894726246748,
       "synonymous":0.003235906048592188
      },
     "Node3":{
       "Nucleotide GTR":0.03385789533378437,
       "Standard MG94":0.03505575572166488,
       "dN":0.02142244893551484,
       "dS":0.09397329996156827,
       "nonsynonymous":0.01739687495095017,
       "synonymous":0.01765888077071474
      },
     "Node5":{
       "Nucleotide GTR":0.006867278331083598,
       "Standard MG94":0.007453286342580546,
       "dN":0.004554677050565626,
       "dS":0.01997988343859659,
       "nonsynonymous":0.003698790335744051,
       "synonymous":0.003754496006836485
      },
     "Node7":{
       "Nucleotide GTR":0.01379147364761354,
       "Standard MG94":0.0148599767598047,
       "dN":0.009080879495149996,
       "dS":0.03983485806320938,
       "nonsynonymous":0.007374456837185842,
       "synonymous":0.007485519922618878
      },
     "PanPan_chr5_CDYL_19400677_NA_nonC_t":{
       "Nucleotide GTR":0.006379348549919541,
       "Standard MG94":0.006401198826473751,
       "dN":0.003911750072512739,
       "dS":0.01715957237407655,
       "nonsynonymous":0.003176678215255548,
       "original name":"PanPan_chr5_CDYL_19400677_NA_nonC_t",
       "synonymous":0.003224520611218209
      },
     "PanPan_chrY_LOC129395542_exPG_7871634_nonP_closest_Q22B_at_452392_nonC_t":{
       "Nucleotide GTR":1e-06,
       "Standard MG94":0,
       "dN":1.231396385610325e-10,
       "dS":5.321588677206111e-10,
       "nonsynonymous":1e-10,
       "original name":"PanPan_chrY_LOC129395542-exPG_7871634_nonP-closest-Q22B-at-452392_nonC_t",
       "synonymous":1e-10
      },
     "PanTro_chr5_CDYL_10660151_NA_nonC_t":{
       "Nucleotide GTR":0.006354305505260374,
       "Standard MG94":0.006359860189547647,
       "dN":0.003886488176987093,
       "dS":0.01704875667354783,
       "nonsynonymous":0.003156163378748921,
       "original name":"PanTro_chr5_CDYL_10660151_NA_nonC_t",
       "synonymous":0.003203696810798727
      },
     "PanTro_chrY_LOC745547_5358723_nonP_closest_Q14B_at_988449_nonC_t":{
       "Nucleotide GTR":0.006729669472611593,
       "Standard MG94":0.007064470210361915,
       "dN":0.004317072880685753,
       "dS":0.01893759140207672,
       "nonsynonymous":0.003505835270538052,
       "original name":"PanTro_chrY_LOC745547_5358723_nonP-closest-Q14B-at-988449_nonC_t",
       "synonymous":0.003558634939823864
      },
     "PonAbe_chr5_CDYL_4587803_NA_nonC_t":{
       "Nucleotide GTR":0.006388230309440314,
       "Standard MG94":0.006417389823554324,
       "dN":0.003921644333841111,
       "dS":0.01720297527308719,
       "nonsynonymous":0.003184713208247238,
       "original name":"PonAbe_chr5_CDYL_4587803_NA_nonC_t",
       "synonymous":0.003232676615307092
      },
     "PonAbe_chrY_LOC129053145_56048677_Q36B_C1_t":{
       "Nucleotide GTR":1e-06,
       "Standard MG94":0,
       "dN":1.231396385610325e-10,
       "dS":5.321588677206111e-10,
       "nonsynonymous":1e-10,
       "original name":"PonAbe_chrY_LOC129053145_56048677_Q36B_C1_t",
       "synonymous":1e-10
      },
     "PonAbe_chrY_LOC129053358_52467350_Q31B_C1_t":{
       "Nucleotide GTR":1e-06,
       "Standard MG94":0,