{
 "analysis":{
   "authors":"Sergei L Kosakovsky Pond",
   "contact":"spond@temple.edu",
   "info":"Fit an MG94xREV model with several selectable options frequency estimator and \nreport the fit results including dN/dS ratios, and synonymous and non-synonymous branch lengths. v0.2 adds LRT test for dN/dS != 1. \nv0.3 adds LRT test support for dN/dS != 1 for local models. v0.4 adds the lineage option",
   "requirements":"in-frame codon alignment and a phylogenetic tree",
   "version":"0.4"
  },
 "branch attributes":{
   "0":{
     "GorGor_chrY_LOC129530208__129530208__LOC129530208_CDS":{
       "Confidence Intervals":{
         "LB":0,
         "MLE":10000,
         "UB":10000
        },
       "Nucleotide GTR":0.002880541499698213,
       "Standard MG94":0.002921249682039935,
       "dN":0.003726711331007064,
       "dS":4.626801705315149e-10,
       "nonsynonymous":0.002921249682039935,
       "original name":"GorGor_chrY_LOC129530208_-_129530208_-_LOC129530208_CDS",
       "synonymous":1e-10
      },
     "GorGor_chrY_LOC129530236__129530236__LOC129530236_CDS__reversed_":{
       "Confidence Intervals":{
         "LB":0,
         "MLE":0,
         "UB":10000
        },
       "Nucleotide GTR":1e-06,
       "Standard MG94":0,
       "dN":1.275725027517904e-10,
       "dS":4.626801705315149e-10,
       "nonsynonymous":1e-10,
       "original name":"GorGor_chrY_LOC129530236_-_129530236_-_LOC129530236_CDS__reversed_",
       "synonymous":1e-10
      },
     "GorGor_chrY_LOC129530237__129530237__LOC129530237_CDS":{
       "Confidence Intervals":{
         "LB":0.01656245490506162,
         "MLE":0.2904658923619969,
         "UB":1.283446193798664
        },
       "Nucleotide GTR":0.005785814128235488,
       "Standard MG94":0.005721132117111011,
       "dN":0.003730475458869367,
       "dS":0.01294084907991876,
       "nonsynonymous":0.00292420026134277,
       "original name":"GorGor_chrY_LOC129530237_-_129530237_-_LOC129530237_CDS",
       "synonymous":0.002796931855768241
      },
     "GorGor_chrY_LOC129530294__129530294__LOC129530294_CDS":{
       "Confidence Intervals":{
         "LB":0,
         "MLE":0,
         "UB":10000
        },
       "Nucleotide GTR":1e-06,
       "Standard MG94":0,
       "dN":1.275725027517904e-10,
       "dS":4.626801705315149e-10,
       "nonsynonymous":1e-10,
       "original name":"GorGor_chrY_LOC129530294_-_129530294_-_LOC129530294_CDS",
       "synonymous":1e-10
      },
     "GorGor_chrY_LOC129530295__129530295__LOC129530295_CDS__reversed_":{
       "Confidence Intervals":{
         "LB":0,
         "MLE":0,
         "UB":10000
        },
       "Nucleotide GTR":1e-06,
       "Standard MG94":0,
       "dN":1.275725027517904e-10,
       "dS":4.626801705315149e-10,
       "nonsynonymous":1e-10,
       "original name":"GorGor_chrY_LOC129530295_-_129530295_-_LOC129530295_CDS__reversed_",
       "synonymous":1e-10
      },
     "HomSap_chrY_HSFY1__86614__HSFY1_CDS":{
       "Confidence Intervals":{
         "LB":0,
         "MLE":0,
         "UB":10000
        },
       "Nucleotide GTR":1e-06,
       "Standard MG94":0,
       "dN":1.275725027517904e-10,
       "dS":4.626801705315149e-10,
       "nonsynonymous":1e-10,
       "original name":"HomSap_chrY_HSFY1_-_86614_-_HSFY1_CDS",
       "synonymous":1e-10
      },
     "HomSap_chrY_HSFY2__159119__HSFY2_CDS__reversed_":{
       "Confidence Intervals":{
         "LB":0,
         "MLE":0,
         "UB":10000
        },
       "Nucleotide GTR":1e-06,
       "Standard MG94":0,
       "dN":1.275725027517904e-10,
       "dS":4.626801705315149e-10,
       "nonsynonymous":1e-10,
       "original name":"HomSap_chrY_HSFY2_-_159119_-_HSFY2_CDS__reversed_",
       "synonymous":1e-10
      },
     "Node1":{
       "Confidence Intervals":{
         "LB":0.1109733409795266,
         "MLE":0.3626640069886998,
         "UB":0.8505991472089399
        },
       "Nucleotide GTR":0.02115555928195335,
       "Standard MG94":0.02131872853438022,
       "dN":0.01539968227494557,
       "dS":0.0427859356019371,
       "nonsynonymous":0.01207131783320716,
       "synonymous":0.009247410701173067
      },
     "Node15":{
       "Confidence Intervals":{
         "LB":0.06521152054820098,
         "MLE":0.2709044973117142,
         "UB":0.711640394152116
        },
       "Nucleotide GTR":0.01791335987363294,
       "Standard MG94":0.0181592665585165,
       "dN":0.011437049467392,
       "dS":0.04253941496810554,
       "nonsynonymous":0.008965136859973915,
       "synonymous":0.009194129698542596
      },
     "Node2":{
       "Confidence Intervals":{
         "LB":0.0948006520550272,
         "MLE":0.3959266427109022,
         "UB":1.040333678204195
        },
       "Nucleotide GTR":0.01510661796143699,
       "Standard MG94":0.01535347091219336,
       "dN":0.01151010051589877,
       "dS":0.02929261321963226,
       "nonsynonymous":0.009022399237783424,
       "synonymous":0.006331071674409921
      },
     "Node3":{
       "Confidence Intervals":{
         "LB":0.01379043987956048,
         "MLE":0.2798568038914012,
         "UB":1.24553318606914
        },
       "Nucleotide GTR":0.005893209713747692,
       "Standard MG94":0.005916112100968156,
       "dN":0.003787420854916752,
       "dS":0.01363645314223683,
       "nonsynonymous":0.002968837933896847,
       "synonymous":0.002947274167071311
      },
     "Node6":{
       "Confidence Intervals":{
         "LB":0.09504040007291634,
         "MLE":0.585026889489064,
         "UB":1.820952424735734
        },
       "Nucleotide GTR":0.008730422029117208,
       "Standard MG94":0.008713297292294938,
       "dN":0.007536672331664264,
       "dS":0.01298068270602663,
       "nonsynonymous":0.005907756114440965,
       "synonymous":0.002805541177853973
      },
     "PonAbe_chrY_LOC129053171__129053171__LOC129053171_CDS__reversed_":{
       "Confidence Intervals":{
         "LB":0,
         "MLE":0,
         "UB":10000
        },
       "Nucleotide GTR":1e-06,
       "Standard MG94":0,
       "dN":1.275725027517904e-10,
       "dS":4.626801705315149e-10,
       "nonsynonymous":1e-10,
       "original name":"PonAbe_chrY_LOC129053171_-_129053171_-_LOC129053171_CDS__reversed_",
       "synonymous":1e-10
      },
     "PonAbe_chrY_LOC129053184__129053184__LOC129053184_CDS__reversed_":{
       "Confidence Intervals":{
         "LB":0,
         "MLE":0,
         "UB":10000
        },
       "Nucleotide GTR":1e-06,
       "Standard MG94":0,
       "dN":1.275725027517904e-10,
       "dS":4.626801705315149e-10,
       "nonsynonymous":1e-10,
       "original name":"PonAbe_chrY_LOC129053184_-_129053184_-_LOC129053184_CDS__reversed_",
       "synonymous":1e-10
      },
     "PonAbe_chrY_LOC129053190__129053190__LOC129053190_CDS__reversed_":{
       "Confidence Intervals":{
         "LB":0,
         "MLE":0,
         "UB":10000
        },
       "Nucleotide GTR":1e-06,
       "Standard MG94":0,
       "dN":1.275725027517904e-10,
       "dS":4.626801705315149e-10,
       "nonsynonymous":1e-10,
       "original name":"PonAbe_chrY_LOC129053190_-_129053190_-_LOC129053190_CDS__reversed_",
       "synonymous":1e-10
      },
     "PonAbe_chrY_LOC129053362__129053362__LOC129053362_CDS":{
       "Confidence Intervals":{
         "LB":0,
         "MLE":0,
         "UB":10000
        },
       "Nucleotide GTR":1e-06,
       "Standard MG94":0,
       "dN":1.275725027517904e-10,
       "dS":4.626801705315149e-10,
       "nonsynonymous":1e-10,
       "original name":"PonAbe_chrY_LOC129053362_-_129053362_-_LOC129053362_CDS",
       "synonymous":1e-10
      },
     "PonAbe_chrY_LOC129053487__129053487__LOC129053487_CDS__reversed_":{
       "Confidence Intervals":{
         "LB":0,
         "MLE":0,
         "UB":10000
        },
       "Nucleotide GTR":1e-06,
       "Standard MG94":0,
       "dN":1.275725027517904e-10,
       "dS":4.626801705315149e-10,
       "nonsynonymous":1e-10,