{
 "analysis":{
   "authors":"Sergei L Kosakovsky Pond",
   "contact":"spond@temple.edu",
   "info":"Fit an MG94xREV model with several selectable options frequency estimator and \nreport the fit results including dN/dS ratios, and synonymous and non-synonymous branch lengths. v0.2 adds LRT test for dN/dS != 1. \nv0.3 adds LRT test support for dN/dS != 1 for local models. v0.4 adds the lineage option",
   "requirements":"in-frame codon alignment and a phylogenetic tree",
   "version":"0.4"
  },
 "branch attributes":{
   "0":{
     "GorGor_chr5_CDYL_22394017_NA_nonC_t":{
       "Confidence Intervals":{
         "LB":0,
         "MLE":0,
         "UB":0.3866245537311983
        },
       "Nucleotide GTR":0.01280039932791187,
       "Standard MG94":0.01324503893540034,
       "dN":1.231396385610325e-10,
       "dS":0.07048464922778051,
       "nonsynonymous":1e-10,
       "original name":"GorGor_chr5_CDYL_22394017_NA_nonC_t",
       "synonymous":0.01324503893540034
      },
     "GorGor_chrY_LOC129530301_exPG_16914474_nonP_closest_Q4_A_at_199039_nonC_t":{
       "Confidence Intervals":{
         "LB":0,
         "MLE":0,
         "UB":0.7299320680196875
        },
       "Nucleotide GTR":0.006569149740848928,
       "Standard MG94":0.007503776991220548,
       "dN":1.231396385610325e-10,
       "dS":0.039932014672759,
       "nonsynonymous":1e-10,
       "original name":"GorGor_chrY_LOC129530301-exPG_16914474_nonP-closest-Q4.A-at-199039_nonC_t",
       "synonymous":0.007503776991220548
      },
     "HomSap_chr6_CDYL_4575080_NA_nonC_t":{
       "Confidence Intervals":{
         "LB":0,
         "MLE":0,
         "UB":10000
        },
       "Nucleotide GTR":1e-06,
       "Standard MG94":0,
       "dN":1.231396385610325e-10,
       "dS":5.321588677206111e-10,
       "nonsynonymous":1e-10,
       "original name":"HomSap_chr6_CDYL_4575080_NA_nonC_t",
       "synonymous":1e-10
      },
     "HomSap_chrY_CDY1_26434508_nonP_closest_Q12B_at_66643_nonC_t":{
       "Confidence Intervals":{
         "LB":0,
         "MLE":0,
         "UB":10000
        },
       "Nucleotide GTR":1e-06,
       "Standard MG94":0,
       "dN":1.231396385610325e-10,
       "dS":5.321588677206111e-10,
       "nonsynonymous":1e-10,
       "original name":"HomSap_chrY_CDY1_26434508_nonP-closest-Q12B-at-66643_nonC_t",
       "synonymous":1e-10
      },
     "Node1":{
       "Confidence Intervals":{
         "LB":0.1113933672848698,
         "MLE":0.212581934560083,
         "UB":0.3685954186162385
        },
       "Nucleotide GTR":0.209111150158438,
       "Standard MG94":0.2585784408636144,
       "dN":0.1066822159916755,
       "dS":0.9150114463805367,
       "nonsynonymous":0.08663515439733881,
       "synonymous":0.1719432864662752
      },
     "Node11":{
       "Confidence Intervals":{
         "LB":0,
         "MLE":10000,
         "UB":10000
        },
       "Nucleotide GTR":0.02334477173096107,
       "Standard MG94":0.02461226901742696,
       "dN":0.03030745910972854,
       "dS":5.321588677206111e-10,
       "nonsynonymous":0.02461226901742696,
       "synonymous":1e-10
      },
     "Node13":{
       "Confidence Intervals":{
         "LB":0,
         "MLE":10000,
         "UB":10000
        },
       "Nucleotide GTR":0.02017039904456108,
       "Standard MG94":0.01980372235189087,
       "dN":0.02438623212574882,
       "dS":5.321588677206111e-10,
       "nonsynonymous":0.01980372235189087,
       "synonymous":1e-10
      },
     "Node14":{
       "Confidence Intervals":{
         "LB":0,
         "MLE":0,
         "UB":0.7252318460554301
        },
       "Nucleotide GTR":0.006667354277353056,
       "Standard MG94":0.007356635880387444,
       "dN":1.231396385610325e-10,
       "dS":0.03914899020339802,
       "nonsynonymous":1e-10,
       "synonymous":0.007356635880387444
      },
     "Node15":{
       "Confidence Intervals":{
         "LB":0,
         "MLE":0,
         "UB":0.7261680363191698
        },
       "Nucleotide GTR":0.006623274646419152,
       "Standard MG94":0.007281999819258339,
       "dN":1.231396385610325e-10,
       "dS":0.03875180778558211,
       "nonsynonymous":1e-10,
       "synonymous":0.007281999819258339
      },
     "Node2":{
       "Confidence Intervals":{
         "LB":0,
         "MLE":8329.253186296353,
         "UB":10000
        },
       "Nucleotide GTR":0.00444698246903405,
       "Standard MG94":0.002842206730372877,
       "dN":0.003499883094938501,
       "dS":5.321588677206111e-10,
       "nonsynonymous":0.002842206730372877,
       "synonymous":1e-10
      },
     "Node21":{
       "Confidence Intervals":{
         "LB":0,
         "MLE":10000,
         "UB":10000
        },
       "Nucleotide GTR":0.006679690102909699,
       "Standard MG94":0.006588249555690189,
       "dN":0.008112746690375729,
       "dS":5.321588677206111e-10,
       "nonsynonymous":0.006588249555690189,
       "synonymous":1e-10
      },
     "Node24":{
       "Confidence Intervals":{
         "LB":0,
         "MLE":10000,
         "UB":10000
        },
       "Nucleotide GTR":0.007197030099729772,
       "Standard MG94":0.00679962249821782,
       "dN":0.008373030567820072,
       "dS":5.321588677206111e-10,
       "nonsynonymous":0.00679962249821782,
       "synonymous":1e-10
      },
     "Node27":{
       "Confidence Intervals":{
         "LB":0,
         "MLE":10000,
         "UB":10000
        },
       "Nucleotide GTR":0.01121823636060884,
       "Standard MG94":0.01222312757059889,
       "dN":0.01505151511128939,
       "dS":5.321588677206111e-10,
       "nonsynonymous":0.01222312757059889,
       "synonymous":1e-10
      },
     "Node28":{
       "Confidence Intervals":{
         "LB":0,
         "MLE":0,
         "UB":1.294213243737018
        },
       "Nucleotide GTR":0.00454129170743162,
       "Standard MG94":0.003946719660547041,
       "dN":1.231396385610325e-10,
       "dS":0.02100281865767387,
       "nonsynonymous":1e-10,
       "synonymous":0.003946719660547041
      },
     "Node29":{
       "Confidence Intervals":{
         "LB":0,
         "MLE":0,
         "UB":0.7779736888962681
        },
       "Nucleotide GTR":0.006398680193554318,
       "Standard MG94":0.006588693142798699,
       "dN":1.231396385610325e-10,
       "dS":0.03506231482630309,
       "nonsynonymous":1e-10,
       "synonymous":0.006588693142798699
      },
     "Node3":{
       "Confidence Intervals":{
         "LB":0.1389540639793417,
         "MLE":0.5620020040175164,
         "UB":1.481729323005933
        },
       "Nucleotide GTR":0.03385789533378437,
       "Standard MG94":0.03533424735990084,
       "dN":0.02485285873880474,
       "dS":0.0806304977462267,
       "nonsynonymous":0.02018266338055455,
       "synonymous":0.01515158397934629
      },
     "Node5":{
       "Confidence Intervals":{
         "LB":0,
         "MLE":10000,
         "UB":10000
        },
       "Nucleotide GTR":0.006867278331083598,
       "Standard MG94":0.006633777727833745,
       "dN":0.008168809916996748,
       "dS":5.321588677206111e-10,
       "nonsynonymous":0.006633777727833745,
       "synonymous":1e-10
      },
     "Node7":{
       "Confidence Intervals":{
         "LB":0,
         "MLE":10000,
         "UB":10000
        },
       "Nucleotide GTR":0.01379147364761354,
       "Standard MG94":0.01328400189514792,
       "dN":0.01635787192012586,
       "dS":5.321588677206111e-10,
       "nonsynonymous":0.01328400189514792,
       "synonymous":1e-10
      },
     "PanPan_chr5_CDYL_19400677_NA_nonC_t":{
       "Confidence Intervals":{
         "LB":0,
         "MLE":0,
         "UB":0.785950007980441
        },
       "Nucleotide GTR":0.006379348549919541,
       "Standard MG94":0.00653139106783848,
       "dN":1.231396385610325e-10,
       "dS":0.03475737675301438,
       "nonsynonymous":1e-10,
       "original name":"PanPan_chr5_CDYL_19400677_NA_nonC_t",
       "synonymous":0.00653139106783848
      },