{
 "analysis":{
   "authors":"Sergei L Kosakovsky Pond",
   "contact":"spond@temple.edu",
   "info":"Fit an MG94xREV model with several selectable options frequency estimator and \nreport the fit results including dN/dS ratios, and synonymous and non-synonymous branch lengths. v0.2 adds LRT test for dN/dS != 1. \nv0.3 adds LRT test support for dN/dS != 1 for local models. v0.4 adds the lineage option",
   "requirements":"in-frame codon alignment and a phylogenetic tree",
   "version":"0.4"
  },
 "branch attributes":{
   "0":{
     "GorGor_chrY_LOC129530208_41620825_nonP_closest_Q17_1A_at_287859_nonC_t":{
       "Nucleotide GTR":0.01554085522625929,
       "Standard MG94":0.01582472318853047,
       "dN":0.01258723086560816,
       "dS":0.02586689305978175,
       "nonsynonymous":0.009518548643244348,
       "original name":"GorGor_chrY_LOC129530208_41620825_nonP-closest-Q17.1A-at-287859_nonC_t",
       "synonymous":0.006306174545286129
      },
     "GorGor_chrY_LOC129530236_19044257_nonP_closest_Q8B_at_70837_nonC_":{
       "Nucleotide GTR":0.006173450354489974,
       "Standard MG94":0.006275538084270361,
       "dN":0.004991660563761344,
       "dS":0.01025791545194689,
       "nonsynonymous":0.003774727292604658,
       "original name":"GorGor_chrY_LOC129530236_19044257_nonP-closest-Q8B-at-70837_nonC_-",
       "synonymous":0.002500810791665697
      },
     "GorGor_chrY_LOC129530237_18802999_nonP_closest_Q8A_at_72618_nonC_t":{
       "Nucleotide GTR":1e-06,
       "Standard MG94":0,
       "dN":1.322389718997944e-10,
       "dS":4.101835887038248e-10,
       "nonsynonymous":1e-10,
       "original name":"GorGor_chrY_LOC129530237_18802999_nonP-closest-Q8A-at-72618_nonC_t",
       "synonymous":1e-10
      },
     "GorGor_chrY_LOC129530294_17252746_Q5_1A_nonC_t":{
       "Nucleotide GTR":1e-06,
       "Standard MG94":0,
       "dN":1.322389718997944e-10,
       "dS":4.101835887038248e-10,
       "nonsynonymous":1e-10,
       "original name":"GorGor_chrY_LOC129530294_17252746_Q5.1A_nonC_t",
       "synonymous":1e-10
      },
     "GorGor_chrY_LOC129530295_17487915_Q5_1B_nonC_":{
       "Nucleotide GTR":1e-06,
       "Standard MG94":0,
       "dN":1.322389718997944e-10,
       "dS":4.101835887038248e-10,
       "nonsynonymous":1e-10,
       "original name":"GorGor_chrY_LOC129530295_17487915_Q5.1B_nonC_-",
       "synonymous":1e-10
      },
     "HomSap_chrY_HSFY1_19436129_Q5A_nonC_t":{
       "Nucleotide GTR":0.01140349616754005,
       "Standard MG94":0.01148544782882775,
       "dN":0.009135703777816161,
       "dS":0.01877396825161014,
       "nonsynonymous":0.006908480644222524,
       "original name":"HomSap_chrY_HSFY1_19436129_Q5A_nonC_t",
       "synonymous":0.004576967184605231
      },
     "Node1":{
       "Nucleotide GTR":0.008964223141619015,
       "Standard MG94":0.009124736184174025,
       "dN":0.007257957031514595,
       "dS":0.01491517875306789,
       "nonsynonymous":0.005488515924801951,
       "synonymous":0.003636220259372071
      },
     "Node12":{
       "Nucleotide GTR":0.01409898986398005,
       "Standard MG94":0.01424988177609336,
       "dN":0.01133457752065528,
       "dS":0.02329267713724662,
       "nonsynonymous":0.008571283758349379,
       "synonymous":0.005678598017744007
      },
     "Node14":{
       "Nucleotide GTR":0.001159957475560189,
       "Standard MG94":0.001169262428905974,
       "dN":0.0009300495155446688,
       "dS":0.001911261628213046,
       "nonsynonymous":0.000703309699238606,
       "synonymous":0.0004659527296673691
      },
     "Node3":{
       "Nucleotide GTR":0.009336792881351103,
       "Standard MG94":0.009537611500967621,
       "dN":0.007586364477842549,
       "dS":0.01559005954177347,
       "nonsynonymous":0.005736859844608594,
       "synonymous":0.003800751656359017
      },
     "Node5":{
       "Nucleotide GTR":0.003079916044761328,
       "Standard MG94":0.003133982688983355,
       "dN":0.002492818557713818,
       "dS":0.00512276860083691,
       "nonsynonymous":0.001885086160230268,
       "synonymous":0.001248896528753088
      },
     "Node9":{
       "Nucleotide GTR":0.003077035573494748,
       "Standard MG94":0.003126227553328866,
       "dN":0.002486650002238045,
       "dS":0.005110092153846407,
       "nonsynonymous":0.001880421457089316,
       "synonymous":0.001245806096239549
      },
     "PonAbe_chrY_LOC129053184_42690674_nonP_closest_Q16_2A_at_127319_nonC_":{
       "Nucleotide GTR":0.001159987511431068,
       "Standard MG94":0.001169797909896036,
       "dN":0.0009304754454497766,
       "dS":0.001912136918689883,
       "nonsynonymous":0.0007036317902976854,
       "original name":"PonAbe_chrY_LOC129053184_42690674_nonP-closest-Q16.2A-at-127319_nonC_-",
       "synonymous":0.0004661661195983517
      },
     "PonAbe_chrY_LOC129053487_48814026_nonP_closest_Q1_2B_at_17323_nonC_":{
       "Nucleotide GTR":0.001160173307659522,
       "Standard MG94":0.00116960915352035,
       "dN":0.0009303253056937876,
       "dS":0.001911828379897383,
       "nonsynonymous":0.0007035182536043552,
       "original name":"PonAbe_chrY_LOC129053487_48814026_nonP-closest-Q1.2B-at-17323_nonC_-",
       "synonymous":0.0004660908999159958
      },
     "PonPyg_chrY_LOC129025837_31859828_nonP_closest_Q14A_at_123709_nonC_":{
       "Nucleotide GTR":1e-06,
       "Standard MG94":0,
       "dN":1.322389718997944e-10,
       "dS":4.101835887038248e-10,
       "nonsynonymous":1e-10,
       "original name":"PonPyg_chrY_LOC129025837_31859828_nonP-closest-Q14A-at-123709_nonC_-",
       "synonymous":1e-10
      },
     "PonPyg_chrY_LOC129025904_30564830_nonP_closest_Q12B_at_128475_nonC_t":{
       "Nucleotide GTR":0.00232058901648839,
       "Standard MG94":0.002337008910091835,
       "dN":0.001858893222702929,
       "dS":0.003820045307390696,
       "nonsynonymous":0.001405707558065051,
       "original name":"PonPyg_chrY_LOC129025904_30564830_nonP-closest-Q12B-at-128475_nonC_t",
       "synonymous":0.0009313013520267822
      },
     "PonPyg_chrY_LOC129025967_38005344_nonP_closest_Q25_2B_at_127993_nonC_t":{
       "Nucleotide GTR":1e-06,
       "Standard MG94":0,
       "dN":1.322389718997944e-10,
       "dS":4.101835887038248e-10,
       "nonsynonymous":1e-10,
       "original name":"PonPyg_chrY_LOC129025967_38005344_nonP-closest-Q25.2B-at-127993_nonC_t",
       "synonymous":1e-10
      },
     "SymSyn_chrY_LOC129476741_21345383_Q6_5B_nonC_t":{
       "Nucleotide GTR":0.0265536305814103,
       "Standard MG94":0.02679211019718066,
       "dN":0.02131086101228946,
       "dS":0.04379404562467524,
       "nonsynonymous":0.01611541643596413,
       "original name":"SymSyn_chrY_LOC129476741_21345383_Q6.5B_nonC_t",
       "synonymous":0.01067669376121651
      }
    },
   "attributes":{
     "Nucleotide GTR":{
       "attribute type":"branch length",
       "display order":0
      },
     "Standard MG94":{
       "attribute type":"branch length",
       "display order":1
      },
     "dN":{
       "attribute type":"branch length",
       "display order":2
      },
     "dS":{
       "attribute type":"branch length",
       "display order":2
      },
     "nonsynonymous":{
       "attribute type":"branch length",
       "display order":3
      },
     "original name":{
       "attribute type":"node label",
       "display order":-1
      },
     "synonymous":{
       "attribute type":"branch length",
       "display order":2
      }
    }
  },