{
 "analysis":{
   "authors":"Sergei L Kosakovsky Pond",
   "contact":"spond@temple.edu",
   "info":"Fit an MG94xREV model with several selectable options frequency estimator and \nreport the fit results including dN/dS ratios, and synonymous and non-synonymous branch lengths. v0.2 adds LRT test for dN/dS != 1. \nv0.3 adds LRT test support for dN/dS != 1 for local models. v0.4 adds the lineage option",
   "requirements":"in-frame codon alignment and a phylogenetic tree",
   "version":"0.4"
  },
 "branch attributes":{
   "0":{
     "GorGor_chrX_RBMX_148580455_nonP_closest_Q18_2B_at_983454_nonC_":{
       "Nucleotide GTR":0.2358695647879783,
       "Standard MG94":0.2724756798534879,
       "dN":0.1485500173871328,
       "dS":0.6979965960386426,
       "nonsynonymous":0.1150451053003745,
       "original name":"GorGor_chrX_RBMX_148580455_nonP-closest-Q18.2B-at-983454_nonC_-",
       "synonymous":0.1574305745531132
      },
     "GorGor_chrY_LOC129530238_19671638_nonP_closest_Q10B_at_60465_nonC_":{
       "Nucleotide GTR":1e-06,
       "Standard MG94":0,
       "dN":1.291232834280775e-10,
       "dS":4.433678769324161e-10,
       "nonsynonymous":1e-10,
       "original name":"GorGor_chrY_LOC129530238_19671638_nonP-closest-Q10B-at-60465_nonC_-",
       "synonymous":1e-10
      },
     "GorGor_chrY_LOC129530243_19602754_Q10B_nonC_":{
       "Nucleotide GTR":1e-06,
       "Standard MG94":0,
       "dN":1.291232834280775e-10,
       "dS":4.433678769324161e-10,
       "nonsynonymous":1e-10,
       "original name":"GorGor_chrY_LOC129530243_19602754_Q10B_nonC_-",
       "synonymous":1e-10
      },
     "GorGor_chrY_LOC129530249_25725362_nonP_closest_Q13A_at_289492_nonC_":{
       "Nucleotide GTR":0.003945279179256568,
       "Standard MG94":0.004022067663217698,
       "dN":0.002192776330072767,
       "dS":0.01030326647674613,
       "nonsynonymous":0.001698203663860637,
       "original name":"GorGor_chrY_LOC129530249_25725362_nonP-closest-Q13A-at-289492_nonC_-",
       "synonymous":0.002323863999357059
      },
     "GorGor_chrY_LOC129530256_15477440_nonP_closest_Q2A_at_428101_nonC_t":{
       "Nucleotide GTR":0.007943528354694574,
       "Standard MG94":0.008108089064981032,
       "dN":0.00442041936449887,
       "dS":0.02077036222380656,
       "nonsynonymous":0.003423409974670502,
       "original name":"GorGor_chrY_LOC129530256_15477440_nonP-closest-Q2A-at-428101_nonC_t",
       "synonymous":0.004684679090310517
      },
     "GorGor_chrY_LOC129530259_15918165_Q2A_nonC_":{
       "Nucleotide GTR":0.007920755140088307,
       "Standard MG94":0.008134707634980512,
       "dN":0.004434931445130699,
       "dS":0.02083855058931888,
       "nonsynonymous":0.00343464890869274,
       "original name":"GorGor_chrY_LOC129530259_15918165_Q2A_nonC_-",
       "synonymous":0.004700058726287777
      },
     "GorGor_chrY_LOC129530261_16137383_nonP_closest_Q2A_at_9455_nonC_":{
       "Nucleotide GTR":0.00394988505900563,
       "Standard MG94":0.004062901832287434,
       "dN":0.002215038561067332,
       "dS":0.01040787071528979,
       "nonsynonymous":0.001715444730230332,
       "original name":"GorGor_chrY_LOC129530261_16137383_nonP-closest-Q2A-at-9455_nonC_-",
       "synonymous":0.002347457102057101
      },
     "GorGor_chrY_LOC129530264_16264504_Q2B_nonC_t":{
       "Nucleotide GTR":0.03639976169173784,
       "Standard MG94":0.03911165980672383,
       "dN":0.02132314248175303,
       "dS":0.1001917140832309,
       "nonsynonymous":0.01651378582982685,
       "original name":"GorGor_chrY_LOC129530264_16264504_Q2B_nonC_t",
       "synonymous":0.02259787397689694
      },
     "GorGor_chrY_LOC129530266_16415999_Q2B_nonC_t":{
       "Nucleotide GTR":0.01192467752989654,
       "Standard MG94":0.01196250893090889,
       "dN":0.006521796406327959,
       "dS":0.03064416801655839,
       "nonsynonymous":0.005050829124834515,
       "original name":"GorGor_chrY_LOC129530266_16415999_Q2B_nonC_t",
       "synonymous":0.006911679806074353
      },
     "GorGor_chrY_LOC129530267_16438966_nonP_closest_Q2B_at_11653_nonC_t":{
       "Nucleotide GTR":0.007943863316712273,
       "Standard MG94":0.007954757429400558,
       "dN":0.004336825051994634,
       "dS":0.02037757502254975,
       "nonsynonymous":0.003358670053035224,
       "original name":"GorGor_chrY_LOC129530267_16438966_nonP-closest-Q2B-at-11653_nonC_t",
       "synonymous":0.00459608737636533
      },
     "HomSap_chrY_RBMY1A1_22410130_Q7_3A_nonC_t":{
       "Nucleotide GTR":1e-06,
       "Standard MG94":0,
       "dN":1.291232834280775e-10,
       "dS":4.433678769324161e-10,
       "nonsynonymous":1e-10,
       "original name":"HomSap_chrY_RBMY1A1_22410130_Q7.3A_nonC_t",
       "synonymous":1e-10
      },
     "HomSap_chrY_RBMY1F_23239128_Q7_7B_nonC_t":{
       "Nucleotide GTR":0.007933999796854408,
       "Standard MG94":0.008063726821668121,
       "dN":0.004396233675636632,
       "dS":0.02065672017383833,
       "nonsynonymous":0.003404679279307021,
       "original name":"HomSap_chrY_RBMY1F_23239128_Q7.7B_nonC_t",
       "synonymous":0.004659047542361103
      },
     "Node1":{
       "Nucleotide GTR":0.003938703039265455,
       "Standard MG94":0.003995628566237328,
       "dN":0.002178362095678545,
       "dS":0.01023553786439967,
       "nonsynonymous":0.001687040507215653,
       "synonymous":0.002308588059021674
      },
     "Node11":{
       "Nucleotide GTR":0.003956227655234962,
       "Standard MG94":0.004017037846038562,
       "dN":0.002190034142477103,
       "dS":0.01029038167443415,
       "nonsynonymous":0.00169607996662892,
       "synonymous":0.002320957879409641
      },
     "Node14":{
       "Nucleotide GTR":0.003946742621718916,
       "Standard MG94":0.004026085695739689,
       "dN":0.002194966906498983,
       "dS":0.01031355940646606,
       "nonsynonymous":0.001699900163800894,
       "synonymous":0.002326185531938793
      },
     "Node18":{
       "Nucleotide GTR":0.0088787715935133,
       "Standard MG94":0.008017685901384804,
       "dN":0.004371132795028555,
       "dS":0.02053877788389331,
       "nonsynonymous":0.003385239810342418,
       "synonymous":0.004632446091042381
      },
     "Node26":{
       "Nucleotide GTR":0.003946843901051553,
       "Standard MG94":0.00403442154036504,
       "dN":0.002199511495082805,
       "dS":0.01033491320647025,
       "nonsynonymous":0.001703419737082465,
       "synonymous":0.002331001803282567
      },
     "Node31":{
       "Nucleotide GTR":0.01092200830822799,
       "Standard MG94":0.01423618365979677,
       "dN":0.007761372799680169,
       "dS":0.03646860424556855,
       "nonsynonymous":0.00601082360487162,
       "synonymous":0.008225360054925126
      },
     "Node32":{
       "Nucleotide GTR":0.01306592829470746,
       "Standard MG94":0.01048081677415928,
       "dN":0.00571399808918685,
       "dS":0.02684854088996686,
       "nonsynonymous":0.004425226758092457,
       "synonymous":0.006055590016066831
      },
     "Node7":{
       "Nucleotide GTR":0.003938658155094542,
       "Standard MG94":0.004012565074425966,
       "dN":0.002187595648512513,
       "dS":0.01027892384685067,
       "nonsynonymous":0.001694191466042619,
       "synonymous":0.002318373608383341
      },
     "Node8":{
       "Nucleotide GTR":0.003946782338553853,
       "Standard MG94":0.004019061454578641,
       "dN":0.002191137386201374,
       "dS":0.01029556552010234,
       "nonsynonymous":0.001696934377773821,
       "synonymous":0.002322127076804828
      },
     "PanPan_chrY_LOC129395525_32259993_Q7A_C3_":{
       "Nucleotide GTR":1e-06,
       "Standard MG94":0,
       "dN":1.291232834280775e-10,
       "dS":4.433678769324161e-10,
       "nonsynonymous":1e-10,
       "original name":"PanPan_chrY_LOC129395525_32259993_Q7A_C3_-",
       "synonymous":1e-10
      },
     "PanPan_chrY_LOC129395733_26495121_Q12_6A_C3_":{
       "Nucleotide GTR":0.01536097577795877,
       "Standard MG94":0.0167924414376394,