{
 "analysis":{
   "authors":"Sergei L Kosakovsky Pond",
   "contact":"spond@temple.edu",
   "info":"Fit an MG94xREV model with several selectable options frequency estimator and \nreport the fit results including dN/dS ratios, and synonymous and non-synonymous branch lengths. v0.2 adds LRT test for dN/dS != 1. \nv0.3 adds LRT test support for dN/dS != 1 for local models. v0.4 adds the lineage option",
   "requirements":"in-frame codon alignment and a phylogenetic tree",
   "version":"0.4"
  },
 "branch attributes":{
   "0":{
     "GORGOR_CHRY_LOC129530363_42645394_Q17_1A_C2_T":{
       "Confidence Intervals":{
         "LB":0.1585151744473371,
         "MLE":0.9646884988747251,
         "UB":3.007833356828788
        },
       "Nucleotide GTR":0.00999325207668275,
       "Standard MG94":0.009927974214340158,
       "dN":0.008962172760716711,
       "dS":0.01300713744192812,
       "nonsynonymous":0.006822307480772543,
       "original name":"GORGOR_CHRY_LOC129530363_42645394_Q17.1A_C2_T",
       "synonymous":0.00310566673356762
      },
     "HOMSAP_CHRY_BPY2_23819939_Q8A_NONC_T":{
       "Confidence Intervals":{
         "LB":0.02159686615773021,
         "MLE":0.4681441301761696,
         "UB":2.093298725452723
        },
       "Nucleotide GTR":0.006300532557003444,
       "Standard MG94":0.006209477304935851,
       "dN":0.004208909858474602,
       "dS":0.01258767614936907,
       "nonsynonymous":0.003203963813243014,
       "original name":"HOMSAP_CHRY_BPY2_23819939_Q8A_NONC_T",
       "synonymous":0.003005513491692843
      },
     "NODE7":{
       "Confidence Intervals":{
         "LB":0,
         "MLE":5070.351173847886,
         "UB":10000
        },
       "Nucleotide GTR":0.003187689809699587,
       "Standard MG94":0.003264773784225341,
       "dN":0.004288793309499602,
       "dS":4.188194857271833e-10,
       "nonsynonymous":0.003264773784225341,
       "synonymous":1e-10
      },
     "PANPAN_CHRY_LOC129395745_9283200_Q22A_NONC_":{
       "Confidence Intervals":{
         "LB":0,
         "MLE":0,
         "UB":0.904664978602795
        },
       "Nucleotide GTR":0.003159240569514347,
       "Standard MG94":0.003014765191046961,
       "dN":1.313657114689568e-10,
       "dS":0.01262642406902502,
       "nonsynonymous":1e-10,
       "original name":"PANPAN_CHRY_LOC129395745_9283200_Q22A_NONC_-",
       "synonymous":0.003014765191046961
      },
     "PANTRO_CHRY_LOC107971295_9703874_NONP_CLOSEST_Q12_1A_AT_33431_NONC_":{
       "Confidence Intervals":{
         "LB":0,
         "MLE":0,
         "UB":10000
        },
       "Nucleotide GTR":1e-06,
       "Standard MG94":0,
       "dN":1.313657114689568e-10,
       "dS":4.188194857271833e-10,
       "nonsynonymous":1e-10,
       "original name":"PANTRO_CHRY_LOC107971295_9703874_NONP-CLOSEST-Q12.1A-AT-33431_NONC_-",
       "synonymous":1e-10
      }
    },
   "attributes":{
     "Confidence Intervals":{
       "attribute type":"branch attributes",
       "display order":4
      },
     "Nucleotide GTR":{
       "attribute type":"branch length",
       "display order":0
      },
     "Standard MG94":{
       "attribute type":"branch length",
       "display order":1
      },
     "dN":{
       "attribute type":"branch length",
       "display order":2
      },
     "dS":{
       "attribute type":"branch length",
       "display order":2
      },
     "nonsynonymous":{
       "attribute type":"branch length",
       "display order":3
      },
     "original name":{
       "attribute type":"node label",
       "display order":-1
      },
     "synonymous":{
       "attribute type":"branch length",
       "display order":2
      }
    }
  },
 "data partitions":{
   "0":{
     "coverage":      [
[0, 1, 2, 3, 4, 5, 6, 7, 8, 9, 10, 11, 12, 13, 14, 15, 16, 17, 18, 19, 20, 21, 22, 23, 24, 25, 26, 27, 28, 29, 30, 31, 32, 33, 34, 35, 36, 37, 38, 39, 40, 41, 42, 43, 44, 45, 46, 47, 48, 49, 50, 51, 52, 53, 54, 55, 56, 57, 58, 59, 60, 61, 62, 63, 64, 65, 66, 67, 68, 69, 70, 71, 72, 73, 74, 75, 76, 77, 78, 79, 80, 81, 82, 83, 84, 85, 86, 87, 88, 89, 90, 91, 92, 93, 94, 95, 96, 97, 98, 99, 100, 101, 102, 103, 104, 105, 106] 
      ],
     "name":"fitter.filter.default"
    }
  },
 "fits":{
   "Nucleotide GTR":{
     "AIC-c":996.5706963176426,
     "Equilibrium frequencies":      [
[0.2824184566428003],
      [0.2203659506762132],
      [0.2410501193317423],
      [0.2561654733492442] 
      ],
     "Log Likelihood":-485.1420410722071,
     "Rate Distributions":{
       "Substitution rate from nucleotide A to nucleotide C":1.081893007774954,
       "Substitution rate from nucleotide A to nucleotide G":1,
       "Substitution rate from nucleotide A to nucleotide T":0,
       "Substitution rate from nucleotide C to nucleotide G":0,
       "Substitution rate from nucleotide C to nucleotide T":4.760659320808049,
       "Substitution rate from nucleotide G to nucleotide T":1.081914882929126
      },
     "display order":0,
     "estimated parameters":13
    },
   "Standard MG94":{
     "AIC-c":995.831996644622,
     "Log Likelihood":-472.4271645754127,
     "Rate Distributions":{
       "Substitution rate from nucleotide A to nucleotide C":1.192435717195711,
       "Substitution rate from nucleotide A to nucleotide G":1,
       "Substitution rate from nucleotide A to nucleotide T":0,
       "Substitution rate from nucleotide C to nucleotide G":0,
       "Substitution rate from nucleotide C to nucleotide T":4.816355419504833,
       "Substitution rate from nucleotide G to nucleotide T":1.17262286961777
      },
     "display order":1,
     "estimated parameters":24
    }
  },
 "input":{
   "file name":"/Users/sergei/Dropbox/Work/Collaborations/Y-chromosome/2026/round6_export_20260126/BPY2/BPY2.unique.nexus",
   "number of sequences":4,
   "number of sites":107,
   "partition count":1,
   "trees":{
     "0":"((PANTRO_CHRY_LOC107971295_9703874_NONP_CLOSEST_Q12_1A_AT_33431_NONC_:1e-06,PANPAN_CHRY_LOC129395745_9283200_Q22A_NONC_:0.0031227527)NODE7:0.0031177623,HOMSAP_CHRY_BPY2_23819939_Q8A_NONC_T:0.006274841,GORGOR_CHRY_LOC129530363_42645394_Q17_1A_C2_T:1e-06)"
    }
  },
 "tested":{
   "0":{
     "GORGOR_CHRY_LOC129530363_42645394_Q17_1A_C2_T":"test",
     "HOMSAP_CHRY_BPY2_23819939_Q8A_NONC_T":"test",
     "NODE7":"test",
     "PANPAN_CHRY_LOC129395745_9283200_Q22A_NONC_":"test",
     "PANTRO_CHRY_LOC107971295_9703874_NONP_CLOSEST_Q12_1A_AT_33431_NONC_":"test"
    }
  },
 "timers":{
   "Overall":{
     "order":0,
     "timer":0
    },
   "Standard MG94":{
     "order":null,
     "timer":0
    }
  }
}