{
 "analysis":{
   "authors":"Sergei L Kosakovsky Pond",
   "contact":"spond@temple.edu",
   "info":"Fit an MG94xREV model with several selectable options frequency estimator and \nreport the fit results including dN/dS ratios, and synonymous and non-synonymous branch lengths. v0.2 adds LRT test for dN/dS != 1. \nv0.3 adds LRT test support for dN/dS != 1 for local models. v0.4 adds the lineage option",
   "requirements":"in-frame codon alignment and a phylogenetic tree",
   "version":"0.4"
  },
 "branch attributes":{
   "0":{
     "GORGOR_CHRY_LOC129530363_42645394_Q17_1A_C2_T":{
       "Confidence Intervals":{
         "LB":0.1585151344457969,
         "MLE":0.9646882546261772,
         "UB":3.007832591735268
        },
       "Nucleotide GTR":0.009993252079263453,
       "Standard MG94":0.009927974875548772,
       "dN":0.0089621727213059,
       "dS":0.01300714033684795,
       "nonsynonymous":0.006822307450771708,
       "original name":"GORGOR_CHRY_LOC129530363_42645394_Q17.1A_C2_T",
       "synonymous":0.003105667424777062
      },
     "HOMSAP_CHRY_BPY2_23819939_Q8A_NONC_T":{
       "Confidence Intervals":{
         "LB":0.02159687074095183,
         "MLE":0.4681442160087859,
         "UB":2.09329912088774
        },
       "Nucleotide GTR":0.006300532556383634,
       "Standard MG94":0.006209476621590087,
       "dN":0.004208909822233126,
       "dS":0.01258767340292873,
       "nonsynonymous":0.003203963785654783,
       "original name":"HOMSAP_CHRY_BPY2_23819939_Q8A_NONC_T",
       "synonymous":0.003005512835935306
      },
     "NODE7":{
       "Confidence Intervals":{
         "LB":0,
         "MLE":5070.351233714562,
         "UB":10000
        },
       "Nucleotide GTR":0.003187689810530114,
       "Standard MG94":0.003264773765635864,
       "dN":0.004288793285079404,
       "dS":4.188194857271833e-10,
       "nonsynonymous":0.003264773765635864,
       "synonymous":1e-10
      },
     "PANPAN_CHRY_LOC129395745_9283200_Q22A_NONC_":{
       "Confidence Intervals":{
         "LB":0,
         "MLE":0,
         "UB":0.9046649503042714
        },
       "Nucleotide GTR":0.003159240569677236,
       "Standard MG94":0.003014765197862871,
       "dN":1.313657114689568e-10,
       "dS":0.01262642409757137,
       "nonsynonymous":1e-10,
       "original name":"PANPAN_CHRY_LOC129395745_9283200_Q22A_NONC_-",
       "synonymous":0.003014765197862871
      },
     "PANTRO_CHRY_LOC107971295_9703874_NONP_CLOSEST_Q12_1A_AT_33431_NONC_":{
       "Confidence Intervals":{
         "LB":0,
         "MLE":0,
         "UB":10000
        },
       "Nucleotide GTR":1e-06,
       "Standard MG94":0,
       "dN":1.313657114689568e-10,
       "dS":4.188194857271833e-10,
       "nonsynonymous":1e-10,
       "original name":"PANTRO_CHRY_LOC107971295_9703874_NONP-CLOSEST-Q12.1A-AT-33431_NONC_-",
       "synonymous":1e-10
      }
    },
   "attributes":{
     "Confidence Intervals":{
       "attribute type":"branch attributes",
       "display order":4
      },
     "Nucleotide GTR":{
       "attribute type":"branch length",
       "display order":0
      },
     "Standard MG94":{
       "attribute type":"branch length",
       "display order":1
      },
     "dN":{
       "attribute type":"branch length",
       "display order":2
      },
     "dS":{
       "attribute type":"branch length",
       "display order":2
      },
     "nonsynonymous":{
       "attribute type":"branch length",
       "display order":3
      },
     "original name":{
       "attribute type":"node label",
       "display order":-1
      },
     "synonymous":{
       "attribute type":"branch length",
       "display order":2
      }
    }
  },
 "data partitions":{
   "0":{
     "coverage":      [
[0, 1, 2, 3, 4, 5, 6, 7, 8, 9, 10, 11, 12, 13, 14, 15, 16, 17, 18, 19, 20, 21, 22, 23, 24, 25, 26, 27, 28, 29, 30, 31, 32, 33, 34, 35, 36, 37, 38, 39, 40, 41, 42, 43, 44, 45, 46, 47, 48, 49, 50, 51, 52, 53, 54, 55, 56, 57, 58, 59, 60, 61, 62, 63, 64, 65, 66, 67, 68, 69, 70, 71, 72, 73, 74, 75, 76, 77, 78, 79, 80, 81, 82, 83, 84, 85, 86, 87, 88, 89, 90, 91, 92, 93, 94, 95, 96, 97, 98, 99, 100, 101, 102, 103, 104, 105, 106] 
      ],
     "name":"fitter.filter.default"
    }
  },
 "fits":{
   "Nucleotide GTR":{
     "AIC-c":996.5706963144178,
     "Equilibrium frequencies":      [
[0.2824184566428003],
      [0.2203659506762132],
      [0.2410501193317423],
      [0.2561654733492442] 
      ],
     "Log Likelihood":-485.1420410705947,
     "Rate Distributions":{
       "Substitution rate from nucleotide A to nucleotide C":1.081893124993859,
       "Substitution rate from nucleotide A to nucleotide G":1,
       "Substitution rate from nucleotide A to nucleotide T":0,
       "Substitution rate from nucleotide C to nucleotide G":0,
       "Substitution rate from nucleotide C to nucleotide T":4.760659894593579,
       "Substitution rate from nucleotide G to nucleotide T":1.081914978455755
      },
     "display order":0,
     "estimated parameters":13
    },
   "Standard MG94":{
     "AIC-c":995.8319966455695,
     "Log Likelihood":-472.4271645758865,
     "Rate Distributions":{
       "Substitution rate from nucleotide A to nucleotide C":1.192435590642603,
       "Substitution rate from nucleotide A to nucleotide G":1,
       "Substitution rate from nucleotide A to nucleotide T":0,
       "Substitution rate from nucleotide C to nucleotide G":0,
       "Substitution rate from nucleotide C to nucleotide T":4.816354938523534,
       "Substitution rate from nucleotide G to nucleotide T":1.172623232284648
      },
     "display order":1,
     "estimated parameters":24
    }
  },
 "input":{
   "file name":"/Users/sergei/Dropbox/Work/Collaborations/Y-chromosome/2026/round6_export_20260126/BPY2/BPY2.unique.nexus",
   "number of sequences":4,
   "number of sites":107,
   "partition count":1,
   "trees":{
     "0":"((PANTRO_CHRY_LOC107971295_9703874_NONP_CLOSEST_Q12_1A_AT_33431_NONC_:1e-06,PANPAN_CHRY_LOC129395745_9283200_Q22A_NONC_:0.0031227527)NODE7:0.0031177623,HOMSAP_CHRY_BPY2_23819939_Q8A_NONC_T:0.006274841,GORGOR_CHRY_LOC129530363_42645394_Q17_1A_C2_T:1e-06)"
    }
  },
 "tested":{
   "0":{
     "GORGOR_CHRY_LOC129530363_42645394_Q17_1A_C2_T":"test",
     "HOMSAP_CHRY_BPY2_23819939_Q8A_NONC_T":"test",
     "NODE7":"test",
     "PANPAN_CHRY_LOC129395745_9283200_Q22A_NONC_":"test",
     "PANTRO_CHRY_LOC107971295_9703874_NONP_CLOSEST_Q12_1A_AT_33431_NONC_":"test"
    }
  },
 "timers":{
   "Overall":{
     "order":0,
     "timer":1
    },
   "Standard MG94":{
     "order":null,
     "timer":1
    }
  }
}