{
 "analysis":{
   "authors":"Sergei L Kosakovsky Pond",
   "contact":"spond@temple.edu",
   "info":"Fit an MG94xREV model with several selectable options frequency estimator and \nreport the fit results including dN/dS ratios, and synonymous and non-synonymous branch lengths. v0.2 adds LRT test for dN/dS != 1. \nv0.3 adds LRT test support for dN/dS != 1 for local models. v0.4 adds the lineage option",
   "requirements":"in-frame codon alignment and a phylogenetic tree",
   "version":"0.4"
  },
 "branch attributes":{
   "0":{
     "GorGor_chrY_LOC129530208_41620825_nonP_closest_Q17_1A_at_287859_nonC_t":{
       "Confidence Intervals":{
         "LB":0.3674511681130969,
         "MLE":1.187186457964647,
         "UB":2.774204128127476
        },
       "Nucleotide GTR":0.01554085522625929,
       "Standard MG94":0.01564540779917261,
       "dN":0.01637823455746928,
       "dS":0.01337229946130602,
       "nonsynonymous":0.01238533113360869,
       "original name":"GorGor_chrY_LOC129530208_41620825_nonP-closest-Q17.1A-at-287859_nonC_t",
       "synonymous":0.003260076665563906
      },
     "GorGor_chrY_LOC129530236_19044257_nonP_closest_Q8B_at_70837_nonC_":{
       "Confidence Intervals":{
         "LB":0.01642792768856873,
         "MLE":0.2880876134181803,
         "UB":1.272916188202031
        },
       "Nucleotide GTR":0.006173450354489974,
       "Standard MG94":0.006338612578950155,
       "dN":0.00402075450170751,
       "dS":0.01352822794400284,
       "nonsynonymous":0.003040521598091584,
       "original name":"GorGor_chrY_LOC129530236_19044257_nonP-closest-Q8B-at-70837_nonC_-",
       "synonymous":0.003298090980858565
      },
     "GorGor_chrY_LOC129530237_18802999_nonP_closest_Q8A_at_72618_nonC_t":{
       "Confidence Intervals":{
         "LB":0,
         "MLE":0,
         "UB":10000
        },
       "Nucleotide GTR":1e-06,
       "Standard MG94":0,
       "dN":1.322389718997944e-10,
       "dS":4.101835887038248e-10,
       "nonsynonymous":1e-10,
       "original name":"GorGor_chrY_LOC129530237_18802999_nonP-closest-Q8A-at-72618_nonC_t",
       "synonymous":1e-10
      },
     "GorGor_chrY_LOC129530294_17252746_Q5_1A_nonC_t":{
       "Confidence Intervals":{
         "LB":0,
         "MLE":0,
         "UB":10000
        },
       "Nucleotide GTR":1e-06,
       "Standard MG94":0,
       "dN":1.322389718997944e-10,
       "dS":4.101835887038248e-10,
       "nonsynonymous":1e-10,
       "original name":"GorGor_chrY_LOC129530294_17252746_Q5.1A_nonC_t",
       "synonymous":1e-10
      },
     "GorGor_chrY_LOC129530295_17487915_Q5_1B_nonC_":{
       "Confidence Intervals":{
         "LB":0,
         "MLE":0,
         "UB":10000
        },
       "Nucleotide GTR":1e-06,
       "Standard MG94":0,
       "dN":1.322389718997944e-10,
       "dS":4.101835887038248e-10,
       "nonsynonymous":1e-10,
       "original name":"GorGor_chrY_LOC129530295_17487915_Q5.1B_nonC_-",
       "synonymous":1e-10
      },
     "HomSap_chrY_HSFY1_19436129_Q5A_nonC_t":{
       "Confidence Intervals":{
         "LB":0.1183283311134817,
         "MLE":0.4090503784893394,
         "UB":0.9189840970222949
        },
       "Nucleotide GTR":0.01140349616754005,
       "Standard MG94":0.01164078766886291,
       "dN":0.008726833519592126,
       "dS":0.02067939522225501,
       "nonsynonymous":0.006599290204861078,
       "original name":"HomSap_chrY_HSFY1_19436129_Q5A_nonC_t",
       "synonymous":0.005041497464001826
      },
     "Node1":{
       "Confidence Intervals":{
         "LB":0,
         "MLE":10000,
         "UB":10000
        },
       "Nucleotide GTR":0.008964223141619015,
       "Standard MG94":0.008726659777111814,
       "dN":0.01154004517044555,
       "dS":4.101835887038248e-10,
       "nonsynonymous":0.008726659777111814,
       "synonymous":1e-10
      },
     "Node12":{
       "Confidence Intervals":{
         "LB":0.2642678194588986,
         "MLE":0.5887204673935722,
         "UB":1.105846474741178
        },
       "Nucleotide GTR":0.01409898986398005,
       "Standard MG94":0.01418121280073135,
       "dN":0.01225052511406174,
       "dS":0.02016988915390601,
       "nonsynonymous":0.009263929489216475,
       "synonymous":0.00491728331151488
      },
     "Node14":{
       "Confidence Intervals":{
         "LB":0,
         "MLE":0,
         "UB":0.5614481639115549
        },
       "Nucleotide GTR":0.001159957475560189,
       "Standard MG94":0.001218141968727887,
       "dN":1.322389718997944e-10,
       "dS":0.004996618442835469,
       "nonsynonymous":1e-10,
       "synonymous":0.001218141968727887
      },
     "Node3":{
       "Confidence Intervals":{
         "LB":0.09442356553042577,
         "MLE":0.5807088447416475,
         "UB":1.807303050279167
        },
       "Nucleotide GTR":0.009336792881351103,
       "Standard MG94":0.0094579421484651,
       "dN":0.008131400564823209,
       "dS":0.01357265643825404,
       "nonsynonymous":0.006149019799537515,
       "synonymous":0.003308922348927581
      },
     "Node5":{
       "Confidence Intervals":{
         "LB":0,
         "MLE":10000,
         "UB":10000
        },
       "Nucleotide GTR":0.003079916044761328,
       "Standard MG94":0.003045042276273926,
       "dN":0.004026732600058737,
       "dS":4.101835887038248e-10,
       "nonsynonymous":0.003045042276273926,
       "synonymous":1e-10
      },
     "Node9":{
       "Confidence Intervals":{
         "LB":0,
         "MLE":0,
         "UB":0.5571989263803672
        },
       "Nucleotide GTR":0.003077035573494748,
       "Standard MG94":0.003276362784474867,
       "dN":1.322389718997944e-10,
       "dS":0.01343910244831557,
       "nonsynonymous":1e-10,
       "synonymous":0.003276362784474867
      },
     "PonAbe_chrY_LOC129053184_42690674_nonP_closest_Q16_2A_at_127319_nonC_":{
       "Confidence Intervals":{
         "LB":0,
         "MLE":0,
         "UB":0.5602092758204908
        },
       "Nucleotide GTR":0.001159987511431068,
       "Standard MG94":0.001220154170572936,
       "dN":1.322389718997944e-10,
       "dS":0.005004872164575455,
       "nonsynonymous":1e-10,
       "original name":"PonAbe_chrY_LOC129053184_42690674_nonP-closest-Q16.2A-at-127319_nonC_-",
       "synonymous":0.001220154170572936
      },
     "PonAbe_chrY_LOC129053487_48814026_nonP_closest_Q1_2B_at_17323_nonC_":{
       "Confidence Intervals":{
         "LB":0,
         "MLE":0,
         "UB":0.5608145257616614
        },
       "Nucleotide GTR":0.001160173307659522,
       "Standard MG94":0.001219127039878395,
       "dN":1.322389718997944e-10,
       "dS":0.005000659043031909,
       "nonsynonymous":1e-10,
       "original name":"PonAbe_chrY_LOC129053487_48814026_nonP-closest-Q1.2B-at-17323_nonC_-",
       "synonymous":0.001219127039878395
      },
     "PonPyg_chrY_LOC129025837_31859828_nonP_closest_Q14A_at_123709_nonC_":{
       "Confidence Intervals":{
         "LB":0,
         "MLE":0,
         "UB":10000
        },
       "Nucleotide GTR":1e-06,
       "Standard MG94":0,
       "dN":1.322389718997944e-10,
       "dS":4.101835887038248e-10,
       "nonsynonymous":1e-10,
       "original name":"PonPyg_chrY_LOC129025837_31859828_nonP-closest-Q14A-at-123709_nonC_-",
       "synonymous":1e-10
      },
     "PonPyg_chrY_LOC129025904_30564830_nonP_closest_Q12B_at_128475_nonC_t":{
       "Confidence Intervals":{
         "LB":0,
         "MLE":0,
         "UB":0.2795841111166501
        },
       "Nucleotide GTR":0.00232058901648839,
       "Standard MG94":0.00244372498111939,
       "dN":1.322389718997944e-10,
       "dS":0.01002375882560738,
       "nonsynonymous":1e-10,
       "original name":"PonPyg_chrY_LOC129025904_30564830_nonP-closest-Q12B-at-128475_nonC_t",
       "synonymous":0.00244372498111939
      },
     "PonPyg_chrY_LOC129025967_38005344_nonP_closest_Q25_2B_at_127993_nonC_t":{
       "Confidence Intervals":{
         "LB":0,
         "MLE":0,
         "UB":10000
        },
       "Nucleotide GTR":1e-06,
       "Standard MG94":0,