{
 "analysis":{
   "authors":"Sergei L Kosakovsky Pond",
   "contact":"spond@temple.edu",
   "info":"Fit an MG94xREV model with several selectable options frequency estimator and \nreport the fit results including dN/dS ratios, and synonymous and non-synonymous branch lengths. v0.2 adds LRT test for dN/dS != 1. \nv0.3 adds LRT test support for dN/dS != 1 for local models. v0.4 adds the lineage option",
   "requirements":"in-frame codon alignment and a phylogenetic tree",
   "version":"0.4"
  },
 "branch attributes":{
   "0":{
     "GORGOR_CHRY_LOC129530208_41620825_NONP_CLOSEST_Q17_1A_AT_287859_NONC_T":{
       "Nucleotide GTR":0.009031804669294763,
       "Standard MG94":0.009087317206974336,
       "dN":0.00696052742346416,
       "dS":0.01601346244485844,
       "nonsynonymous":0.00532530320313323,
       "original name":"GORGOR_CHRY_LOC129530208_41620825_NONP-CLOSEST-Q17.1A-AT-287859_NONC_T",
       "synonymous":0.003762014003841111
      },
     "GORGOR_CHRY_LOC129530236_19044257_NONP_CLOSEST_Q8B_AT_70837_NONC_":{
       "Nucleotide GTR":0.002996973363657679,
       "Standard MG94":0.003015237310024074,
       "dN":0.002309553139464233,
       "dS":0.005313382192639791,
       "nonsynonymous":0.001766973963773884,
       "original name":"GORGOR_CHRY_LOC129530236_19044257_NONP-CLOSEST-Q8B-AT-70837_NONC_-",
       "synonymous":0.001248263346250199
      },
     "GORGOR_CHRY_LOC129530237_18802999_NONP_CLOSEST_Q8A_AT_72618_NONC_T":{
       "Nucleotide GTR":0.002999517303678441,
       "Standard MG94":0.003019434024317669,
       "dN":0.002312767657485734,
       "dS":0.00532077754653814,
       "nonsynonymous":0.001769433300843475,
       "original name":"GORGOR_CHRY_LOC129530237_18802999_NONP-CLOSEST-Q8A-AT-72618_NONC_T",
       "synonymous":0.001250000723474191
      },
     "GORGOR_CHRY_LOC129530294_17252746_Q5_1A_NONC_T":{
       "Nucleotide GTR":1e-06,
       "Standard MG94":0,
       "dN":1.307066876374066e-10,
       "dS":4.25661957358699e-10,
       "nonsynonymous":1e-10,
       "original name":"GORGOR_CHRY_LOC129530294_17252746_Q5.1A_NONC_T",
       "synonymous":1e-10
      },
     "GORGOR_CHRY_LOC129530295_17487915_Q5_1B_NONC_":{
       "Nucleotide GTR":1e-06,
       "Standard MG94":0,
       "dN":1.307066876374066e-10,
       "dS":4.25661957358699e-10,
       "nonsynonymous":1e-10,
       "original name":"GORGOR_CHRY_LOC129530295_17487915_Q5.1B_NONC_-",
       "synonymous":1e-10
      },
     "HOMSAP_CHRY_HSFY1_19436129_Q5A_NONC_T":{
       "Nucleotide GTR":0.008937975740004413,
       "Standard MG94":0.009054732891541744,
       "dN":0.006935569119932152,
       "dS":0.01595604310980203,
       "nonsynonymous":0.005306208309074523,
       "original name":"HOMSAP_CHRY_HSFY1_19436129_Q5A_NONC_T",
       "synonymous":0.003748524582467234
      },
     "NODE12":{
       "Nucleotide GTR":0.001494929206699339,
       "Standard MG94":0.001502975136174315,
       "dN":0.001151219817010138,
       "dS":0.002648508393677705,
       "nonsynonymous":0.0008807658107010843,
       "synonymous":0.0006222093254732291
      },
     "NODE15":{
       "Nucleotide GTR":0.01515384544976617,
       "Standard MG94":0.01536034912654692,
       "dN":0.01176542304996874,
       "dS":0.02706765575312965,
       "nonsynonymous":0.009001393320139207,
       "synonymous":0.006358955806407697
      },
     "NODE18":{
       "Nucleotide GTR":0.0008262188572518453,
       "Standard MG94":0.0008352795181264401,
       "dN":0.0006397912452879813,
       "dS":0.001471910453858878,
       "nonsynonymous":0.0004894862358250759,
       "synonymous":0.0003457932823013641
      },
     "NODE2":{
       "Nucleotide GTR":0.01151166496593699,
       "Standard MG94":0.01173574346533874,
       "dN":0.008989117730207276,
       "dS":0.02068045859568568,
       "nonsynonymous":0.006877320428426727,
       "synonymous":0.004858423036912027
      },
     "NODE6":{
       "Nucleotide GTR":0.009050737816353703,
       "Standard MG94":0.009164561455275838,
       "dN":0.007019693478347198,
       "dS":0.01614958049170161,
       "nonsynonymous":0.005370569482887156,
       "synonymous":0.00379399197238869
      },
     "NODE8":{
       "Nucleotide GTR":0.001495690214131959,
       "Standard MG94":0.001509654649646121,
       "dN":0.001156336061511897,
       "dS":0.002660278879476152,
       "nonsynonymous":0.0008846801050606442,
       "synonymous":0.0006249745445854759
      },
     "PONABE_CHRY_LOC129053184_42690674_NONP_CLOSEST_Q16_2A_AT_127319_NONC_":{
       "Nucleotide GTR":0.0008262455782563656,
       "Standard MG94":0.0008355988757191617,
       "dN":0.0006400358606382996,
       "dS":0.001472473218501189,
       "nonsynonymous":0.0004896733841299865,
       "original name":"PONABE_CHRY_LOC129053184_42690674_NONP-CLOSEST-Q16.2A-AT-127319_NONC_-",
       "synonymous":0.0003459254915891762
      },
     "PONABE_CHRY_LOC129053487_48814026_NONP_CLOSEST_Q1_2B_AT_17323_NONC_":{
       "Nucleotide GTR":0.0008263534844926554,
       "Standard MG94":0.000835452241903743,
       "dN":0.0006399235449052621,
       "dS":0.001472214823746952,
       "nonsynonymous":0.0004895874545306158,
       "original name":"PONABE_CHRY_LOC129053487_48814026_NONP-CLOSEST-Q1.2B-AT-17323_NONC_-",
       "synonymous":0.0003458647873731263
      },
     "PONPYG_CHRY_LOC129025837_31859828_NONP_CLOSEST_Q14A_AT_123709_NONC_":{
       "Nucleotide GTR":0.000826640342309623,
       "Standard MG94":0.0008362371461950537,
       "dN":0.0006405247507089146,
       "dS":0.001473597964128809,
       "nonsynonymous":0.0004900474201333861,
       "original name":"PONPYG_CHRY_LOC129025837_31859828_NONP-CLOSEST-Q14A-AT-123709_NONC_-",
       "synonymous":0.0003461897260616667
      },
     "PONPYG_CHRY_LOC129025904_30564830_NONP_CLOSEST_Q12B_AT_128475_NONC_T":{
       "Nucleotide GTR":0.001652621187025939,
       "Standard MG94":0.001670620236188246,
       "dN":0.001279629367318431,
       "dS":0.002943928752843477,
       "nonsynonymous":0.0009790083357236092,
       "original name":"PONPYG_CHRY_LOC129025904_30564830_NONP-CLOSEST-Q12B-AT-128475_NONC_T",
       "synonymous":0.0006916119004646383
      },
     "PONPYG_CHRY_LOC129025964_40237186_NONP_CLOSEST_Q27_2B_AT_127218_NONC_T":{
       "Nucleotide GTR":1e-06,
       "Standard MG94":0,
       "dN":1.307066876374066e-10,
       "dS":4.25661957358699e-10,
       "nonsynonymous":1e-10,
       "original name":"PONPYG_CHRY_LOC129025964_40237186_NONP-CLOSEST-Q27.2B-AT-127218_NONC_T",
       "synonymous":1e-10
      },
     "PONPYG_CHRY_LOC129025967_38005344_NONP_CLOSEST_Q25_2B_AT_127993_NONC_T":{
       "Nucleotide GTR":1e-06,
       "Standard MG94":0,
       "dN":1.307066876374066e-10,
       "dS":4.25661957358699e-10,
       "nonsynonymous":1e-10,
       "original name":"PONPYG_CHRY_LOC129025967_38005344_NONP-CLOSEST-Q25.2B-AT-127993_NONC_T",
       "synonymous":1e-10
      },
     "SYMSYN_CHRY_LOC129476741_21345383_Q6_5B_NONC_T":{
       "Nucleotide GTR":0.02497041427243678,
       "Standard MG94":0.02524312522248589,
       "dN":0.01933524068359827,
       "dS":0.04448285765031932,
       "nonsynonymous":0.01479284727743706,
       "original name":"SYMSYN_CHRY_LOC129476741_21345383_Q6.5B_NONC_T",
       "synonymous":0.01045027794504884
      }
    },
   "attributes":{
     "Nucleotide GTR":{
       "attribute type":"branch length",
       "display order":0
      },
     "Standard MG94":{
       "attribute type":"branch length",
       "display order":1
      },
     "dN":{
       "attribute type":"branch length",
       "display order":2
      },
     "dS":{
       "attribute type":"branch length",
       "display order":2
      },
     "nonsynonymous":{
       "attribute type":"branch length",
       "display order":3
      },
     "original name":{
       "attribute type":"node label",
       "display order":-1
      },
     "synonymous":{
       "attribute type":"branch length",
       "display order":2
      }
    }
  },