{
 "analysis":{
   "authors":"Sergei L Kosakovsky Pond",
   "contact":"spond@temple.edu",
   "info":"Fit an MG94xREV model with several selectable options frequency estimator and \nreport the fit results including dN/dS ratios, and synonymous and non-synonymous branch lengths. v0.2 adds LRT test for dN/dS != 1. \nv0.3 adds LRT test support for dN/dS != 1 for local models. v0.4 adds the lineage option",
   "requirements":"in-frame codon alignment and a phylogenetic tree",
   "version":"0.4"
  },
 "branch attributes":{
   "0":{
     "GORGOR_CHRY_LOC129530208_41620825_NONP_CLOSEST_Q17_1A_AT_287859_NONC_T":{
       "Confidence Intervals":{
         "LB":0.5374623214309067,
         "MLE":1.501818796035555,
         "UB":3.23790227677459
        },
       "Nucleotide GTR":0.009031804669294763,
       "Standard MG94":0.009047160559639524,
       "dN":0.009824023353240355,
       "dS":0.006517213980007595,
       "nonsynonymous":0.007516083171270606,
       "original name":"GORGOR_CHRY_LOC129530208_41620825_NONP-CLOSEST-Q17.1A-AT-287859_NONC_T",
       "synonymous":0.00153107738836892
      },
     "GORGOR_CHRY_LOC129530236_19044257_NONP_CLOSEST_Q8B_AT_70837_NONC_":{
       "Confidence Intervals":{
         "LB":0.01686503604145829,
         "MLE":0.2957862068687472,
         "UB":1.303731954576669
        },
       "Nucleotide GTR":0.002996973363657679,
       "Standard MG94":0.003029999069939456,
       "dN":0.001946820843221475,
       "dS":0.00655749848475248,
       "nonsynonymous":0.001489457715141669,
       "original name":"GORGOR_CHRY_LOC129530236_19044257_NONP-CLOSEST-Q8B-AT-70837_NONC_-",
       "synonymous":0.001540541354797787
      },
     "GORGOR_CHRY_LOC129530237_18802999_NONP_CLOSEST_Q8A_AT_72618_NONC_T":{
       "Confidence Intervals":{
         "LB":0.01567943417621278,
         "MLE":0.2936873487218207,
         "UB":1.298265375245862
        },
       "Nucleotide GTR":0.002999517303678441,
       "Standard MG94":0.003036039174905373,
       "dN":0.001943639431632845,
       "dS":0.006593569561028076,
       "nonsynonymous":0.001487023706870068,
       "original name":"GORGOR_CHRY_LOC129530237_18802999_NONP-CLOSEST-Q8A-AT-72618_NONC_T",
       "synonymous":0.001549015468035301
      },
     "GORGOR_CHRY_LOC129530294_17252746_Q5_1A_NONC_T":{
       "Confidence Intervals":{
         "LB":0,
         "MLE":0,
         "UB":10000
        },
       "Nucleotide GTR":1e-06,
       "Standard MG94":0,
       "dN":1.307066876374066e-10,
       "dS":4.25661957358699e-10,
       "nonsynonymous":1e-10,
       "original name":"GORGOR_CHRY_LOC129530294_17252746_Q5.1A_NONC_T",
       "synonymous":1e-10
      },
     "GORGOR_CHRY_LOC129530295_17487915_Q5_1B_NONC_":{
       "Confidence Intervals":{
         "LB":0,
         "MLE":0,
         "UB":10000
        },
       "Nucleotide GTR":1e-06,
       "Standard MG94":0,
       "dN":1.307066876374066e-10,
       "dS":4.25661957358699e-10,
       "nonsynonymous":1e-10,
       "original name":"GORGOR_CHRY_LOC129530295_17487915_Q5.1B_NONC_-",
       "synonymous":1e-10
      },
     "HOMSAP_CHRY_HSFY1_19436129_Q5A_NONC_T":{
       "Confidence Intervals":{
         "LB":0.1417036506933164,
         "MLE":0.4264007702763844,
         "UB":0.9164207173362042
        },
       "Nucleotide GTR":0.008937975740004413,
       "Standard MG94":0.008966332145296059,
       "dN":0.006823746709457974,
       "dS":0.0159439178137288,
       "nonsynonymous":0.005220656136882398,
       "original name":"HOMSAP_CHRY_HSFY1_19436129_Q5A_NONC_T",
       "synonymous":0.003745676008413666
      },
     "NODE12":{
       "Confidence Intervals":{
         "LB":0,
         "MLE":0,
         "UB":0.5697828189518297
        },
       "Nucleotide GTR":0.001494929206699339,
       "Standard MG94":0.001535146679314752,
       "dN":1.307066876374066e-10,
       "dS":0.006534535403498244,
       "nonsynonymous":1e-10,
       "synonymous":0.001535146679314752
      },
     "NODE15":{
       "Confidence Intervals":{
         "LB":0.2292763412220078,
         "MLE":0.4468694843368367,
         "UB":0.7717029652370636
        },
       "Nucleotide GTR":0.01515384544976617,
       "Standard MG94":0.01541312492583168,
       "dN":0.01195885149624432,
       "dS":0.02666237938914737,
       "nonsynonymous":0.009149379968544051,
       "synonymous":0.006263744957287639
      },
     "NODE18":{
       "Confidence Intervals":{
         "LB":0,
         "MLE":0,
         "UB":0.5554455552453049
        },
       "Nucleotide GTR":0.0008262188572518453,
       "Standard MG94":0.0008650647754921429,
       "dN":1.307066876374066e-10,
       "dS":0.00368225165578049,
       "nonsynonymous":1e-10,
       "synonymous":0.0008650647754921429
      },
     "NODE2":{
       "Confidence Intervals":{
         "LB":0.534980956281662,
         "MLE":1.132130345783732,
         "UB":2.012475611383409
        },
       "Nucleotide GTR":0.01151166496593699,
       "Standard MG94":0.01160628905660206,
       "dN":0.01194291364363286,
       "dS":0.01051003083752697,
       "nonsynonymous":0.009137186367053914,
       "synonymous":0.002469102689548158
      },
     "NODE6":{
       "Confidence Intervals":{
         "LB":0.1795416215279328,
         "MLE":0.5867082282247142,
         "UB":1.371844722537318
        },
       "Nucleotide GTR":0.009050737816353703,
       "Standard MG94":0.009134236484651356,
       "dN":0.007847230376621335,
       "dS":0.01332552576738795,
       "nonsynonymous":0.006003694622260137,
       "synonymous":0.003130541862391224
      },
     "NODE8":{
       "Confidence Intervals":{
         "LB":0,
         "MLE":5232.760151289689,
         "UB":10000
        },
       "Nucleotide GTR":0.001495690214131959,
       "Standard MG94":0.001493159533721669,
       "dN":0.001951659367669739,
       "dS":4.25661957358699e-10,
       "nonsynonymous":0.001493159533721669,
       "synonymous":1e-10
      },
     "PONABE_CHRY_LOC129053184_42690674_NONP_CLOSEST_Q16_2A_AT_127319_NONC_":{
       "Confidence Intervals":{
         "LB":0,
         "MLE":0,
         "UB":0.5543935824686905
        },
       "Nucleotide GTR":0.0008262455782563656,
       "Standard MG94":0.0008663195552641518,
       "dN":1.307066876374066e-10,
       "dS":0.003687592775918565,
       "nonsynonymous":1e-10,
       "original name":"PONABE_CHRY_LOC129053184_42690674_NONP-CLOSEST-Q16.2A-AT-127319_NONC_-",
       "synonymous":0.0008663195552641518
      },
     "PONABE_CHRY_LOC129053487_48814026_NONP_CLOSEST_Q1_2B_AT_17323_NONC_":{
       "Confidence Intervals":{
         "LB":0,
         "MLE":0,
         "UB":0.5547957249533206
        },
       "Nucleotide GTR":0.0008263534844926554,
       "Standard MG94":0.0008658330727399237,
       "dN":1.307066876374066e-10,
       "dS":0.003685522004883728,
       "nonsynonymous":1e-10,
       "original name":"PONABE_CHRY_LOC129053487_48814026_NONP-CLOSEST-Q1.2B-AT-17323_NONC_-",
       "synonymous":0.0008658330727399237
      },
     "PONPYG_CHRY_LOC129025837_31859828_NONP_CLOSEST_Q14A_AT_123709_NONC_":{
       "Confidence Intervals":{
         "LB":0,
         "MLE":0,
         "UB":0.5543503396874415
        },
       "Nucleotide GTR":0.000826640342309623,
       "Standard MG94":0.0008670308366904608,
       "dN":1.307066876374066e-10,
       "dS":0.003690620430360121,
       "nonsynonymous":1e-10,
       "original name":"PONPYG_CHRY_LOC129025837_31859828_NONP-CLOSEST-Q14A-AT-123709_NONC_-",
       "synonymous":0.0008670308366904608
      },
     "PONPYG_CHRY_LOC129025904_30564830_NONP_CLOSEST_Q12B_AT_128475_NONC_T":{
       "Confidence Intervals":{
         "LB":0,
         "MLE":0,
         "UB":0.2769486750143046
        },
       "Nucleotide GTR":0.001652621187025939,
       "Standard MG94":0.001733612298271186,
       "dN":1.307066876374066e-10,
       "dS":0.007379328041832257,
       "nonsynonymous":1e-10,
       "original name":"PONPYG_CHRY_LOC129025904_30564830_NONP-CLOSEST-Q12B-AT-128475_NONC_T",