{
 "analysis":{
   "authors":"Sergei L Kosakovsky Pond",
   "contact":"spond@temple.edu",
   "info":"Fit an MG94xREV model with several selectable options frequency estimator and \nreport the fit results including dN/dS ratios, and synonymous and non-synonymous branch lengths. v0.2 adds LRT test for dN/dS != 1. \nv0.3 adds LRT test support for dN/dS != 1 for local models. v0.4 adds the lineage option",
   "requirements":"in-frame codon alignment and a phylogenetic tree",
   "version":"0.4"
  },
 "branch attributes":{
   "0":{
     "GorGor_chrY_LOC129530208_41620825_nonP_closest_Q17_1A_at_287859_nonC_t":{
       "Nucleotide GTR":0.002887695600969742,
       "Standard MG94":0.00285611071733192,
       "dN":0.002021774963757161,
       "dS":0.005877882782118126,
       "nonsynonymous":0.001584328912608646,
       "original name":"GorGor_chrY_LOC129530208_41620825_nonP-closest-Q17.1A-at-287859_nonC_t",
       "synonymous":0.001271781804723278
      },
     "GorGor_chrY_LOC129530236_19044257_nonP_closest_Q8B_at_70837_nonC_":{
       "Nucleotide GTR":1e-06,
       "Standard MG94":0,
       "dN":1.276108103353518e-10,
       "dS":4.621769835272232e-10,
       "nonsynonymous":1e-10,
       "original name":"GorGor_chrY_LOC129530236_19044257_nonP-closest-Q8B-at-70837_nonC_-",
       "synonymous":1e-10
      },
     "GorGor_chrY_LOC129530237_18802999_nonP_closest_Q8A_at_72618_nonC_t":{
       "Nucleotide GTR":0.005784904528439437,
       "Standard MG94":0.005749277493883487,
       "dN":0.004069781057957246,
       "dS":0.01183202702396835,
       "nonsynonymous":0.003189213395998475,
       "original name":"GorGor_chrY_LOC129530237_18802999_nonP-closest-Q8A-at-72618_nonC_t",
       "synonymous":0.002560064097885008
      },
     "HomSap_chrY_HSFY1_19436129_Q5A_nonC_t":{
       "Nucleotide GTR":0.005906949587067412,
       "Standard MG94":0.005895552820410921,
       "dN":0.004173325990999914,
       "dS":0.01213306200066825,
       "nonsynonymous":0.003270354588324235,
       "original name":"HomSap_chrY_HSFY1_19436129_Q5A_nonC_t",
       "synonymous":0.002625198232086689
      },
     "Node1":{
       "Nucleotide GTR":0.01512937164018634,
       "Standard MG94":0.01547055023139531,
       "dN":0.01095124602263365,
       "dS":0.03183842989110707,
       "nonsynonymous":0.008581754158487503,
       "synonymous":0.006888796072907798
      },
     "Node3":{
       "Nucleotide GTR":0.008729904847511752,
       "Standard MG94":0.008746742246346835,
       "dN":0.006191617285978597,
       "dS":0.01800081675315959,
       "nonsynonymous":0.00485195358426726,
       "synonymous":0.003894788662079557
      },
     "Node8":{
       "Nucleotide GTR":0.01794667215627057,
       "Standard MG94":0.01813145765955625,
       "dN":0.0128348410760344,
       "dS":0.03731458383075831,
       "nonsynonymous":0.01005780077902913,
       "synonymous":0.008073656880527112
      },
     "PonPyg_chrY_LOC129025837_31859828_nonP_closest_Q14A_at_123709_nonC_":{
       "Nucleotide GTR":0.002908233382873213,
       "Standard MG94":0.002921767538296183,
       "dN":0.002068251914394927,
       "dS":0.006013004678875315,
       "nonsynonymous":0.001620749769521652,
       "original name":"PonPyg_chrY_LOC129025837_31859828_nonP-closest-Q14A-at-123709_nonC_-",
       "synonymous":0.001301017768774532
      },
     "PonPyg_chrY_LOC129025904_30564830_nonP_closest_Q12B_at_128475_nonC_t":{
       "Nucleotide GTR":1e-06,
       "Standard MG94":0,
       "dN":1.276108103353518e-10,
       "dS":4.621769835272232e-10,
       "nonsynonymous":1e-10,
       "original name":"PonPyg_chrY_LOC129025904_30564830_nonP-closest-Q12B-at-128475_nonC_t",
       "synonymous":1e-10
      },
     "SymSyn_chrY_LOC129476741_21345383_Q6_5B_nonC_t":{
       "Nucleotide GTR":0.02115515596907087,
       "Standard MG94":0.02145451732028128,
       "dN":0.0151871584369669,
       "dS":0.04415344867069481,
       "nonsynonymous":0.01190115351282244,
       "original name":"SymSyn_chrY_LOC129476741_21345383_Q6.5B_nonC_t",
       "synonymous":0.009553363807458854
      }
    },
   "attributes":{
     "Nucleotide GTR":{
       "attribute type":"branch length",
       "display order":0
      },
     "Standard MG94":{
       "attribute type":"branch length",
       "display order":1
      },
     "dN":{
       "attribute type":"branch length",
       "display order":2
      },
     "dS":{
       "attribute type":"branch length",
       "display order":2
      },
     "nonsynonymous":{
       "attribute type":"branch length",
       "display order":3
      },
     "original name":{
       "attribute type":"node label",
       "display order":-1
      },
     "synonymous":{
       "attribute type":"branch length",
       "display order":2
      }
    }
  },
 "data partitions":{
   "0":{
     "coverage":      [
[0, 1, 2, 3, 4, 5, 6, 7, 8, 9, 10, 11, 12, 13, 14, 15, 16, 17, 18, 19, 20, 21, 22, 23, 24, 25, 26, 27, 28, 29, 30, 31, 32, 33, 34, 35, 36, 37, 38, 39, 40, 41, 42, 43, 44, 45, 46, 47, 48, 49, 50, 51, 52, 53, 54, 55, 56, 57, 58, 59, 60, 61, 62, 63, 64, 65, 66, 67, 68, 69, 70, 71, 72, 73, 74, 75, 76, 77, 78, 79, 80, 81, 82, 83, 84, 85, 86, 87, 88, 89, 90, 91, 92, 93, 94, 95, 96, 97, 98, 99, 100, 101, 102, 103, 104, 105, 106, 107, 108, 109, 110, 111, 112, 113, 114] 
      ],
     "name":"fitter.filter.default"
    }
  },
 "fits":{
   "Nucleotide GTR":{
     "AIC-c":1298.533778647025,
     "Equilibrium frequencies":      [
[0.3486542443064182],
      [0.1697722567287785],
      [0.1859213250517598],
      [0.2956521739130435] 
      ],
     "Log Likelihood":-630.1082254404226,
     "Rate Distributions":{
       "Substitution rate from nucleotide A to nucleotide C":0.4252913670968368,
       "Substitution rate from nucleotide A to nucleotide G":1,
       "Substitution rate from nucleotide A to nucleotide T":0,
       "Substitution rate from nucleotide C to nucleotide G":1.046683331431989,
       "Substitution rate from nucleotide C to nucleotide T":0.5091329615967349,
       "Substitution rate from nucleotide G to nucleotide T":0.4667892980300826
      },
     "display order":0,
     "estimated parameters":19
    },
   "Standard MG94":{
     "AIC-c":1283.323022241763,
     "Confidence Intervals":{
       "non-synonymous/synonymous rate ratio":{
         "LB":0.1984554609513597,
         "UB":0.5517783897101016
        }
      },
     "Log Likelihood":-615.8271080400085,
     "Rate Distributions":{
       "Substitution rate from nucleotide A to nucleotide C":0.5002894168498911,
       "Substitution rate from nucleotide A to nucleotide G":1,
       "Substitution rate from nucleotide A to nucleotide T":0,
       "Substitution rate from nucleotide C to nucleotide G":1.365803813080254,
       "Substitution rate from nucleotide C to nucleotide T":0.4695644533384322,
       "Substitution rate from nucleotide G to nucleotide T":0.6566097543675657,
       "non-synonymous/synonymous rate ratio":0.3468473311501073
      },
     "display order":1,
     "estimated parameters":25
    }
  },
 "input":{
   "file name":"/Users/kxp5629/proj/Y/YAGs-survival/selection_on_domains/output/HSFY_HSF-DNA-binding_domain/alignment.dedup.fasta",
   "number of sequences":7,
   "number of sites":115,
   "partition count":1,
   "trees":{
     "0":"((HomSap_chrY_HSFY1_19436129_Q5A_nonC_t,(GorGor_chrY_LOC129530208_41620825_nonP_closest_Q17_1A_at_287859_nonC_t,GorGor_chrY_LOC129530236_19044257_nonP_closest_Q8B_at_70837_nonC_,GorGor_chrY_LOC129530237_18802999_nonP_closest_Q8A_at_72618_nonC_t)Node3)Node1,(PonPyg_chrY_LOC129025837_31859828_nonP_closest_Q14A_at_123709_nonC_,PonPyg_chrY_LOC129025904_30564830_nonP_closest_Q12B_at_128475_nonC_t)Node8,SymSyn_chrY_LOC129476741_21345383_Q6_5B_nonC_t)"
    }
  },
 "test results":{
   "non-synonymous/synonymous rate ratio":{
     "LRT":6.382703720545578,
     "p-value":0.01152377514558789
    }
  },