{
 "analysis":{
   "authors":"Sergei L Kosakovsky Pond",
   "contact":"spond@temple.edu",
   "info":"Fit an MG94xREV model with several selectable options frequency estimator and \nreport the fit results including dN/dS ratios, and synonymous and non-synonymous branch lengths. v0.2 adds LRT test for dN/dS != 1. \nv0.3 adds LRT test support for dN/dS != 1 for local models. v0.4 adds the lineage option",
   "requirements":"in-frame codon alignment and a phylogenetic tree",
   "version":"0.4"
  },
 "branch attributes":{
   "0":{
     "GorGor_chrY_LOC129530208_41620825_nonP_closest_Q17_1A_at_287859_nonC_t":{
       "Confidence Intervals":{
         "LB":0,
         "MLE":10000,
         "UB":10000
        },
       "Nucleotide GTR":0.002887695600969742,
       "Standard MG94":0.002923448423902894,
       "dN":0.003730636223478554,
       "dS":4.621769835272232e-10,
       "nonsynonymous":0.002923448423902894,
       "original name":"GorGor_chrY_LOC129530208_41620825_nonP-closest-Q17.1A-at-287859_nonC_t",
       "synonymous":1e-10
      },
     "GorGor_chrY_LOC129530236_19044257_nonP_closest_Q8B_at_70837_nonC_":{
       "Confidence Intervals":{
         "LB":0,
         "MLE":0,
         "UB":10000
        },
       "Nucleotide GTR":1e-06,
       "Standard MG94":0,
       "dN":1.276108103353518e-10,
       "dS":4.621769835272232e-10,
       "nonsynonymous":1e-10,
       "original name":"GorGor_chrY_LOC129530236_19044257_nonP-closest-Q8B-at-70837_nonC_-",
       "synonymous":1e-10
      },
     "GorGor_chrY_LOC129530237_18802999_nonP_closest_Q8A_at_72618_nonC_t":{
       "Confidence Intervals":{
         "LB":0.01655883567993811,
         "MLE":0.2900675663147672,
         "UB":1.283147720368416
        },
       "Nucleotide GTR":0.005784904528439437,
       "Standard MG94":0.005732876690996514,
       "dN":0.00373336230870834,
       "dS":0.01297465756596084,
       "nonsynonymous":0.002925584673349647,
       "original name":"GorGor_chrY_LOC129530237_18802999_nonP-closest-Q8A-at-72618_nonC_t",
       "synonymous":0.002807292017646873
      },
     "HomSap_chrY_HSFY1_19436129_Q5A_nonC_t":{
       "Confidence Intervals":{
         "LB":0.0137657723318795,
         "MLE":0.2802802690906269,
         "UB":1.246692026737093
        },
       "Nucleotide GTR":0.005906949587067412,
       "Standard MG94":0.005929679315978754,
       "dN":0.003796603757961223,
       "dS":0.01365518802836317,
       "nonsynonymous":0.002975142739070482,
       "original name":"HomSap_chrY_HSFY1_19436129_Q5A_nonC_t",
       "synonymous":0.00295453657690828
      },
     "Node1":{
       "Confidence Intervals":{
         "LB":0.09487326064664107,
         "MLE":0.3962896082897067,
         "UB":1.041004255933855
        },
       "Nucleotide GTR":0.01512937164018634,
       "Standard MG94":0.01538704955139171,
       "dN":0.01153428658509244,
       "dS":0.02934087024518836,
       "nonsynonymous":0.009038643791055937,
       "synonymous":0.006348405760335776
      },
     "Node3":{
       "Confidence Intervals":{
         "LB":0.09508394812151601,
         "MLE":0.585576926827009,
         "UB":1.821679185378426
        },
       "Nucleotide GTR":0.008729904847511752,
       "Standard MG94":0.008735590398118859,
       "dN":0.007556004284401197,
       "dS":0.01300777980288752,
       "nonsynonymous":0.005921131810498323,
       "synonymous":0.002814458587620544
      },
     "Node8":{
       "Confidence Intervals":{
         "LB":0.06528446996108637,
         "MLE":0.2714742118356118,
         "UB":0.7124299203250005
        },
       "Nucleotide GTR":0.01794667215627057,
       "Standard MG94":0.01820016814455576,
       "dN":0.01146769839471763,
       "dS":0.04258362400140231,
       "nonsynonymous":0.008986463109654551,
       "synonymous":0.009213705034901213
      },
     "PonPyg_chrY_LOC129025837_31859828_nonP_closest_Q14A_at_123709_nonC_":{
       "Confidence Intervals":{
         "LB":0,
         "MLE":0,
         "UB":0.5318410424159817
        },
       "Nucleotide GTR":0.002908233382873213,
       "Standard MG94":0.002937478913131026,
       "dN":1.276108103353518e-10,
       "dS":0.01357635143245724,
       "nonsynonymous":1e-10,
       "original name":"PonPyg_chrY_LOC129025837_31859828_nonP-closest-Q14A-at-123709_nonC_-",
       "synonymous":0.002937478913131026
      },
     "PonPyg_chrY_LOC129025904_30564830_nonP_closest_Q12B_at_128475_nonC_t":{
       "Confidence Intervals":{
         "LB":0,
         "MLE":0,
         "UB":10000
        },
       "Nucleotide GTR":1e-06,
       "Standard MG94":0,
       "dN":1.276108103353518e-10,
       "dS":4.621769835272232e-10,
       "nonsynonymous":1e-10,
       "original name":"PonPyg_chrY_LOC129025904_30564830_nonP-closest-Q12B-at-128475_nonC_t",
       "synonymous":1e-10
      },
     "SymSyn_chrY_LOC129476741_21345383_Q6_5B_nonC_t":{
       "Confidence Intervals":{
         "LB":0.1109572788408131,
         "MLE":0.3626867592344986,
         "UB":0.8504849363568219
        },
       "Nucleotide GTR":0.02115515596907087,
       "Standard MG94":0.02136932018643934,
       "dN":0.0154288792492749,
       "dS":0.04288422998087786,
       "nonsynonymous":0.01209057383832055,
       "original name":"SymSyn_chrY_LOC129476741_21345383_Q6.5B_nonC_t",
       "synonymous":0.009278746348118802
      }
    },
   "attributes":{
     "Confidence Intervals":{
       "attribute type":"branch attributes",
       "display order":4
      },
     "Nucleotide GTR":{
       "attribute type":"branch length",
       "display order":0
      },
     "Standard MG94":{
       "attribute type":"branch length",
       "display order":1
      },
     "dN":{
       "attribute type":"branch length",
       "display order":2
      },
     "dS":{
       "attribute type":"branch length",
       "display order":2
      },
     "nonsynonymous":{
       "attribute type":"branch length",
       "display order":3
      },
     "original name":{
       "attribute type":"node label",
       "display order":-1
      },
     "synonymous":{
       "attribute type":"branch length",
       "display order":2
      }
    }
  },
 "data partitions":{
   "0":{
     "coverage":      [
[0, 1, 2, 3, 4, 5, 6, 7, 8, 9, 10, 11, 12, 13, 14, 15, 16, 17, 18, 19, 20, 21, 22, 23, 24, 25, 26, 27, 28, 29, 30, 31, 32, 33, 34, 35, 36, 37, 38, 39, 40, 41, 42, 43, 44, 45, 46, 47, 48, 49, 50, 51, 52, 53, 54, 55, 56, 57, 58, 59, 60, 61, 62, 63, 64, 65, 66, 67, 68, 69, 70, 71, 72, 73, 74, 75, 76, 77, 78, 79, 80, 81, 82, 83, 84, 85, 86, 87, 88, 89, 90, 91, 92, 93, 94, 95, 96, 97, 98, 99, 100, 101, 102, 103, 104, 105, 106, 107, 108, 109, 110, 111, 112, 113, 114] 
      ],
     "name":"fitter.filter.default"
    }
  },
 "fits":{
   "Nucleotide GTR":{
     "AIC-c":1298.533778647025,
     "Equilibrium frequencies":      [
[0.3486542443064182],
      [0.1697722567287785],
      [0.1859213250517598],
      [0.2956521739130435] 
      ],
     "Log Likelihood":-630.1082254404226,
     "Rate Distributions":{
       "Substitution rate from nucleotide A to nucleotide C":0.4252913670968368,
       "Substitution rate from nucleotide A to nucleotide G":1,
       "Substitution rate from nucleotide A to nucleotide T":0,
       "Substitution rate from nucleotide C to nucleotide G":1.046683331431989,
       "Substitution rate from nucleotide C to nucleotide T":0.5091329615967349,
       "Substitution rate from nucleotide G to nucleotide T":0.4667892980300826
      },
     "display order":0,
     "estimated parameters":19
    },
   "Standard MG94":{
     "AIC-c":1299.570639141675,
     "Log Likelihood":-614.2398650253829,
     "Rate Distributions":{
       "Substitution rate from nucleotide A to nucleotide C":0.498942810437368,
       "Substitution rate from nucleotide A to nucleotide G":1,
       "Substitution rate from nucleotide A to nucleotide T":0,
       "Substitution rate from nucleotide C to nucleotide G":1.359278421974746,