{
 "analysis":{
   "authors":"Sergei L Kosakovsky Pond",
   "contact":"spond@temple.edu",
   "info":"Fit an MG94xREV model with several selectable options frequency estimator and \nreport the fit results including dN/dS ratios, and synonymous and non-synonymous branch lengths. v0.2 adds LRT test for dN/dS != 1. \nv0.3 adds LRT test support for dN/dS != 1 for local models. v0.4 adds the lineage option",
   "requirements":"in-frame codon alignment and a phylogenetic tree",
   "version":"0.4"
  },
 "branch attributes":{
   "0":{
     "GorGor_chrY_LOC129530208__129530208__LOC129530208_CDS":{
       "Nucleotide GTR":0.015526969211736,
       "Standard MG94":0.01586224550326857,
       "dN":0.0122447763858745,
       "dS":0.02700333636353815,
       "nonsynonymous":0.009243460505982735,
       "original name":"GorGor_chrY_LOC129530208_-_129530208_-_LOC129530208_CDS",
       "synonymous":0.006618784997285826
      },
     "GorGor_chrY_LOC129530236__129530236__LOC129530236_CDS__reversed_":{
       "Nucleotide GTR":0.006174897210264878,
       "Standard MG94":0.006288468008107857,
       "dN":0.0048543495656488,
       "dS":0.01070526974250238,
       "nonsynonymous":0.003664500443149947,
       "original name":"GorGor_chrY_LOC129530236_-_129530236_-_LOC129530236_CDS__reversed_",
       "synonymous":0.002623967564957912
      },
     "GorGor_chrY_LOC129530237__129530237__LOC129530237_CDS":{
       "Nucleotide GTR":1e-06,
       "Standard MG94":0,
       "dN":1.324696132790225e-10,
       "dS":4.079802618548789e-10,
       "nonsynonymous":1e-10,
       "original name":"GorGor_chrY_LOC129530237_-_129530237_-_LOC129530237_CDS",
       "synonymous":1e-10
      },
     "GorGor_chrY_LOC129530294__129530294__LOC129530294_CDS":{
       "Nucleotide GTR":1e-06,
       "Standard MG94":0,
       "dN":1.324696132790225e-10,
       "dS":4.079802618548789e-10,
       "nonsynonymous":1e-10,
       "original name":"GorGor_chrY_LOC129530294_-_129530294_-_LOC129530294_CDS",
       "synonymous":1e-10
      },
     "GorGor_chrY_LOC129530295__129530295__LOC129530295_CDS__reversed_":{
       "Nucleotide GTR":1e-06,
       "Standard MG94":0,
       "dN":1.324696132790225e-10,
       "dS":4.079802618548789e-10,
       "nonsynonymous":1e-10,
       "original name":"GorGor_chrY_LOC129530295_-_129530295_-_LOC129530295_CDS__reversed_",
       "synonymous":1e-10
      },
     "HomSap_chrY_HSFY1__86614__HSFY1_CDS":{
       "Nucleotide GTR":1e-06,
       "Standard MG94":0,
       "dN":1.324696132790225e-10,
       "dS":4.079802618548789e-10,
       "nonsynonymous":1e-10,
       "original name":"HomSap_chrY_HSFY1_-_86614_-_HSFY1_CDS",
       "synonymous":1e-10
      },
     "HomSap_chrY_HSFY2__159119__HSFY2_CDS__reversed_":{
       "Nucleotide GTR":1e-06,
       "Standard MG94":0,
       "dN":1.324696132790225e-10,
       "dS":4.079802618548789e-10,
       "nonsynonymous":1e-10,
       "original name":"HomSap_chrY_HSFY2_-_159119_-_HSFY2_CDS__reversed_",
       "synonymous":1e-10
      },
     "Node1":{
       "Nucleotide GTR":0.02865023092776509,
       "Standard MG94":0.02891410652272015,
       "dN":0.02232009135750098,
       "dS":0.04922237169531243,
       "nonsynonymous":0.01684921606171513,
       "synonymous":0.01206489046100498
      },
     "Node12":{
       "Nucleotide GTR":0.003078089423112758,
       "Standard MG94":0.003130998170169782,
       "dN":0.002416957450974467,
       "dS":0.005330102646897961,
       "nonsynonymous":0.001824537258883362,
       "synonymous":0.001306460911286417
      },
     "Node15":{
       "Nucleotide GTR":0.01248748314199831,
       "Standard MG94":0.012741362362523,
       "dN":0.009835627178279616,
       "dS":0.02169045319176515,
       "nonsynonymous":0.007424817612747692,
       "synonymous":0.005316544749775315
      },
     "Node19":{
       "Nucleotide GTR":0.001159961363032398,
       "Standard MG94":0.001173648520709259,
       "dN":0.0009059917581489951,
       "dS":0.001997978518914649,
       "nonsynonymous":0.0006839242115402668,
       "synonymous":0.0004897243091689916
      },
     "Node2":{
       "Nucleotide GTR":0.009857499532578855,
       "Standard MG94":0.01003341799360135,
       "dN":0.007745243868047709,
       "dS":0.01708054265717705,
       "nonsynonymous":0.005846807940575624,
       "synonymous":0.004186610053025728
      },
     "Node28":{
       "Nucleotide GTR":0.001160004476166944,
       "Standard MG94":0.001173685239006569,
       "dN":0.000906020102644088,
       "dS":0.001998041026869955,
       "nonsynonymous":0.0006839456085190842,
       "synonymous":0.0004897396304874844
      },
     "Node3":{
       "Nucleotide GTR":0.01247997165216554,
       "Standard MG94":0.01257740394737972,
       "dN":0.00970906034828079,
       "dS":0.02141133607478231,
       "nonsynonymous":0.007329273565425505,
       "synonymous":0.005248130381954226
      },
     "Node6":{
       "Nucleotide GTR":0.009311253403693317,
       "Standard MG94":0.009568182364810768,
       "dN":0.007386107688992329,
       "dS":0.01628854166526545,
       "nonsynonymous":0.005575699593411565,
       "synonymous":0.003992482771399217
      },
     "Node8":{
       "Nucleotide GTR":0.003080941232794068,
       "Standard MG94":0.003143255273185707,
       "dN":0.002426419256715506,
       "dS":0.005350968713780694,
       "nonsynonymous":0.001831679882392883,
       "synonymous":0.001311575390792819
      },
     "PonAbe_chrY_LOC129053171__129053171__LOC129053171_CDS__reversed_":{
       "Nucleotide GTR":1e-06,
       "Standard MG94":0,
       "dN":1.324696132790225e-10,
       "dS":4.079802618548789e-10,
       "nonsynonymous":1e-10,
       "original name":"PonAbe_chrY_LOC129053171_-_129053171_-_LOC129053171_CDS__reversed_",
       "synonymous":1e-10
      },
     "PonAbe_chrY_LOC129053184__129053184__LOC129053184_CDS__reversed_":{
       "Nucleotide GTR":1e-06,
       "Standard MG94":0,
       "dN":1.324696132790225e-10,
       "dS":4.079802618548789e-10,
       "nonsynonymous":1e-10,
       "original name":"PonAbe_chrY_LOC129053184_-_129053184_-_LOC129053184_CDS__reversed_",
       "synonymous":1e-10
      },
     "PonAbe_chrY_LOC129053190__129053190__LOC129053190_CDS__reversed_":{
       "Nucleotide GTR":1e-06,
       "Standard MG94":0,
       "dN":1.324696132790225e-10,
       "dS":4.079802618548789e-10,
       "nonsynonymous":1e-10,
       "original name":"PonAbe_chrY_LOC129053190_-_129053190_-_LOC129053190_CDS__reversed_",
       "synonymous":1e-10
      },
     "PonAbe_chrY_LOC129053362__129053362__LOC129053362_CDS":{
       "Nucleotide GTR":1e-06,
       "Standard MG94":0,
       "dN":1.324696132790225e-10,
       "dS":4.079802618548789e-10,
       "nonsynonymous":1e-10,
       "original name":"PonAbe_chrY_LOC129053362_-_129053362_-_LOC129053362_CDS",
       "synonymous":1e-10
      },
     "PonAbe_chrY_LOC129053487__129053487__LOC129053487_CDS__reversed_":{
       "Nucleotide GTR":0.001160210927601761,
       "Standard MG94":0.001173425646630126,
       "dN":0.0009058197116842845,
       "dS":0.001997599105815519,
       "nonsynonymous":0.0006837943353668169,
       "original name":"PonAbe_chrY_LOC129053487_-_129053487_-_LOC129053487_CDS__reversed_",
       "synonymous":0.0004896313112633076
      },
     "PonPyg_chrY_LOC129025837__129025837__LOC129025837_CDS__reversed_":{
       "Nucleotide GTR":1e-06,
       "Standard MG94":0,
       "dN":1.324696132790225e-10,
       "dS":4.079802618548789e-10,
       "nonsynonymous":1e-10,
       "original name":"PonPyg_chrY_LOC129025837_-_129025837_-_LOC129025837_CDS__reversed_",
       "synonymous":1e-10
      },
     "PonPyg_chrY_LOC129025904__129025904__LOC129025904_CDS":{
       "Nucleotide GTR":0.002319795897988973,
       "Standard MG94":0.002346484643758518,
       "dN":0.001811356390228034,
       "dS":0.003994574040241127,
       "nonsynonymous":0.00136737501181705,
       "original name":"PonPyg_chrY_LOC129025904_-_129025904_-_LOC129025904_CDS",